variant_slug,support,support_slug,Canal,periodicite_print,diffusion_print,format_print,Visites par mois Web,Pages vues par mois Web,Nombre d'envois NL,tarif_brut,tarif_net
acehf-magazine::print,ACEHF MAGAZINE,acehf-magazine,Print,Semestriel,6000,210 x 297,,,,4800,3264
actes-pratiques-et-ingenierie-immobiliere::print,ACTES PRATIQUES ET INGENIERIE IMMOBILIERE,actes-pratiques-et-ingenierie-immobiliere,Print,Trimestriel,500,210 x 297,,,,1600,1088
actes-pratiques-et-strategie-patrimoniale::print,ACTES PRATIQUES ET STRATEGIE PATRIMONIALE,actes-pratiques-et-strategie-patrimoniale,Print,4 Numéros / an,1400,210 x 297,,,,1600,1088
acteurs-publics::print,ACTEURS PUBLICS,acteurs-publics,Print,Bimestriel,15000,230 x 300,,,,7800,5304
action-co::print,ACTION CO,action-co,Print,Trimestriel,15000,210 x 280,,,,7000,4760
actu-environnement::print,ACTU ENVIRONNEMENT,actu-environnement,Print,Mensuel,12500,210 x 270,,,,2190,1489.2
actualites-habitat::print,ACTUALITES HABITAT,actualites-habitat,Print,Bimensuel,9000,210 x 275,,,,2520,1713.6
administration-et-intendance::print,ADMINISTRATION ET INTENDANCE,administration-et-intendance,Print,Trimestriel,11000,210 x 280,,,,2400,pas de tarif
agefi-actifs::print,AGEFI ACTIFS,agefi-actifs,Print,Mensuel,13000,190 x 270,,,,12800,8704
agefi-alpha::print,AGEFI ALPHA,agefi-alpha,Print,Mensuel,10800,190 x 270,,,,12800,8704
agenceur-magazine::print,AGENCEUR MAGAZINE,agenceur-magazine,Print,Bimestriel,20000,210 x 297,,,,11276,7667.68
alternatives-economiques::print,ALTERNATIVES ECONOMIQUES,alternatives-economiques,Print,Mensuel,48584,200 x 280,,,,14700,9996
andrh::print,ANDRH,andrh,Print,Bimestriel,5000,190 x 270,,,,4400,2992
annales-de-biologie-clinique::print,ANNALES DE BIOLOGIE CLINIQUE,annales-de-biologie-clinique,Print,Bimestriel,2800,210 x 270,,,,2800,1904
architecture-a-vivre::print,ARCHITECTURE A VIVRE,architecture-a-vivre,Print,Bimestriel,42500,212 x 277,,,,7500,5100
artisans-bois::print,ARTISANS & BOIS,artisans-bois,Print,Bimestriel,30000,210 x 297,,,,13682,9303.76
arts-metiers-mag::print,ARTS&METIERS MAG,arts-metiers-mag,Print,Mensuel,7293,220 x 280,,,,6000,4080
au-coeur-du-chr::print,AU COEUR DU CHR,au-coeur-du-chr,Print,Bimestriel,35000,210 x 270,,,,6710,4562.8
audio-infos::print,AUDIO INFOS,audio-infos,Print,Mensuel,2500,210 x 297,,,,5400,3672
audiologie-demain::print,AUDIOLOGIE DEMAIN,audiologie-demain,Print,9 Numéros / an,6000,220 x 285,,,,3500,2380
audiology-france::print,AUDIOLOGY FRANCE,audiology-france,Print,4 Numéros / an,3000,210 x 297,,,,5100,3468
autocar-et-bus-infos::print,AUTOCAR ET BUS INFOS,autocar-et-bus-infos,Print,Bimestriel,20000,210 x 297,,,,5000,3400
bardage-info::print,BARDAGE INFO,bardage-info,Print,2 Numéros / an,12000,210 x 297,,,,5187,3527.16
batiactu::print,BATIACTU,batiactu,Print,Trimestriel,20000,210 x 270,,,,9950,6766
batiment-entretien::print,BATIMENT ENTRETIEN,batiment-entretien,Print,Bimestriel,13223,210 x 297,,,,4650,3162
batimetiers::print,BATIMETIERS,batimetiers,Print,Trimestriel,57000,215 x 290,,,,10500,7140
be-a-boss::print,BE A BOSS,be-a-boss,Print,4 numéros,13500,210 x 280,,,,11200,7616
beauty-forum::print,BEAUTY FORUM,beauty-forum,Print,Bimestriel,8000,210 x 297,,,,3600,2448
betteravier-fran-ais::print,BETTERAVIER FRANÇAIS,betteravier-fran-ais,Print,Mensuel,14713,280 x 350,,,,9980,6786.4
biblond::print,BIBLOND,biblond,Print,6 Numéros / an,30000,210 x 297,,,,6600,4488
bike-eko::print,BIKE ECO,bike-eko,Print,Mensuel,8000,243 x 340,,,,2800,1904
biofil::print,BIOFIL,biofil,Print,Bimestriel,10000,210 x 297,,,,6980,4746.4
biologie-365::print,BIOLOGIE 365,biologie-365,Print,Bimestriel,6500,210 x 297,,,,7800,5304
bois-mag::print,BOIS MAG,bois-mag,Print,Mensuel,20000,210 x 297,,,,11276,7667.68
bois::print,BOIS +,bois,Print,Mensuel,16000,230 x 297,,,,2600,1768
btp-magazine::print,BTP MAGAZINE,btp-magazine,Print,Mensuel,20000,195 x 260,,,,7000,4760
c-est-a-vous::print,C'EST A VOUS!,c-est-a-vous,Print,Bimestriel,10000,,,,,7300,4964
cad-magazine::print,CAD MAGAZINE,cad-magazine,Print,Bimestriel,9000,210 x 297,,,,4500,3060
cahiers-de-nutrition-et-de-dietetique::print,CAHIERS DE NUTRITION ET DE DIETETIQUE,cahiers-de-nutrition-et-de-dietetique,Print,Bimestriel,800,210 x 280,,,,4400,2992
cahiers-du-tourisme-et-du-fleurissement::print,CAHIERS DU TOURISME ET DU FLEURISSEMENT,cahiers-du-tourisme-et-du-fleurissement,Print,Bimestriel,15000,210 x 297,,,,3860,2624.8
caps-infos::print,CAPS INFOS,caps-infos,Print,Mensuel,9000,230 x 310,,,,3500,2380
cardiologie-pratique::print,CARDIOLOGIE PRATIQUE,cardiologie-pratique,Print,Bimensuel,9561,290 x 430,,,,9900,6732
carrosserie::print,CARROSSERIE,carrosserie,Print,Mensuel,8500,210 x 297,,,,3900,2652
cavistes-et-e-commerce::print,CAVISTES ET E-COMMERCE,cavistes-et-e-commerce,Print,Trimestriel,12000,,,,,6250,4250
cb-news::print,CB NEWS,cb-news,Print,Mensuel,7500,227 x 310,,,,3000,2040
cem-controles-essais-mesures::print,CEM (CONTROLES ESSAIS MESURES),cem-controles-essais-mesures,Print,Trimestriel,8000,210 x 297,,,,3990,2713.2
centres-aquatiques::print,CENTRES AQUATIQUES,centres-aquatiques,Print,Bimestriel,5535,210 x 297,,,,2050,1394
cerveau-psycho::print,CERVEAU & PSYCHO,cerveau-psycho,Print,Mensuel,58000,205 x 265,,,,8000,5440
chantiers-de-france::print,CHANTIERS DE FRANCE,chantiers-de-france,Print,Mensuel,6000,210 x 290,,,,9425,6409
charcuterie-gastronomie::print,CHARCUTERIE & GASTRONOMIE,charcuterie-gastronomie,Print,Mensuel,6000,200 x 270,,,,3475,2363
chaud-froid-performance::print,CHAUD FROID PERFORMANCE,chaud-froid-performance,Print,Mensuel,15000,210 x 297,,,,6860,4664.8
chocolat-confiserie-et-glace-magazine::print,CHOCOLAT CONFISERIE ET GLACE MAGAZINE,chocolat-confiserie-et-glace-magazine,Print,5 Numéros / an,2000,230 x 300,,,,2500,1700
conquerir::print,CONQUERIR,conquerir,Print,8 Numéros / an,18200,210 x 280,,,,5220,3549.6
construction-urbanisme::print,CONSTRUCTION URBANISME,construction-urbanisme,Print,Mensuel,2000,185 x 260,,,,1600,1088
copropriete-travaux::print,COPROPRIETE & TRAVAUX,copropriete-travaux,Print,Trimestriel,15000,230 x 300,,,,5800,3944
cosmetique-magazine::print,COSMETIQUE MAGAZINE,cosmetique-magazine,Print,Mensuel,9500,210 x 280,,,,9500,6460
culture-legumiere::print,CULTURE LEGUMIERE,culture-legumiere,Print,Bimestriel,9600,200 x 270,,,,2970,2019.6
cultures-marines::print,CULTURES MARINES,cultures-marines,Print,Mensuel,1200,210 x 297,,,,3370,2291.6
d-architecture::print,D'ARCHITECTURE,d-architecture,Print,Mensuel,10000,230 x 300,,,,7600,5168
d-o-actualites::print,D.O ACTUALITES,d-o-actualites,Print,Hebdomadaire,1500,210 x 297,,,,2500,1700
daf-mag::print,DAF MAG,daf-mag,Print,Trimestriel,7500,210 x 280,,,,7000,4760
decideurs-magazine::print,DECIDEURS MAGAZINE,decideurs-magazine,Print,Mensuel,35000,210 x 297,,,,6500,4420
decision-achats::print,DECISION ACHAT,decision-achats,Print,Trimestriel,23000,,,,,,
decision-durable::print,DECISION DURABLE,decision-durable,Print,2 numéros,55000,195 x 255,,,,11000,7480
decisions-hpa::print,DECISIONS HPA,decisions-hpa,Print,Mensuel,10000,250 x 340,,,,2500,1700
defrenois::print,DEFRENOIS,defrenois,Print,Hebdomadaire,7500,220 x 307,,,,3860,1853
dentaire-365-orthodontie::print,DENTAIRE 365 ORTHODONTIE,dentaire-365-orthodontie,Print,4 Numéros / an,,,,,,4050,2754
dentaire-365::print,DENTAIRE 365,dentaire-365,Print,16 Numéros / an,24829,210 x 297,,,,5700,3876
dermato-mag::print,DERMATO MAG,dermato-mag,Print,Trimestriel,2000,210 x 280,,,,2800,3876
dermatologie-pratique::print,DERMATOLOGIE PRATIQUE,dermatologie-pratique,Print,Mensuel,5229,290 x 430,,,,9900,6732
destination-climat::print,DESTINATION CLIMAT,destination-climat,Print,Trimestriel,20000,210 x 270,,,,3500,2380
diabete-et-obesite::print,DIABETE ET OBESITE,diabete-et-obesite,Print,Mensuel,3000,210 x 297,,,,8000,5440
diabetologie-pratique::print,DIABETOLOGIE PRATIQUE,diabetologie-pratique,Print,5 Numéros / an,8991,290 x 430,,,,9900,6732
direction-s::print,DIRECTION(S),direction-s,Print,Mensuel,8700,210 x 297,,,,3800,2584
direction::print,DIRECTION,direction,Print,Bimestriel,12000,140x205,,,,2350,1598
droit-de-la-famille::print,DROIT DE LA FAMILLE,droit-de-la-famille,Print,Mensuel,1200,210 x 297,,,,1600,1088
droit-patrimoine::print,DROIT & PATRIMOINE,droit-patrimoine,Print,Mensuel,5000,210 x 297,,,,1600,1088
droit-penal::print,DROIT PENAL,droit-penal,Print,Mensuel,1100,210 x 297,,,,1600,1088
dynamique-entrepreneuriale::print,DYNAMIQUE ENTREPRENEURIALE,dynamique-entrepreneuriale,Print,Bimestriel,68000,194 x 260,,,,15000,10200
eco-reseau::print,ECO RESEAU,eco-reseau,Print,Mensuel,35000,265 x 336,,,,11900,8092
ecommerce::print,ECOMMERCE,ecommerce,Print,4 Numéros / an,9500,210 x 280,,,,7000,4760
educ-mag::print,EDUC'MAG,educ-mag,Print,Trimestriel,73294,,,,,8900,6052
egora::print,EGORA,egora,Print,Bimensuel,22000,210 x 270,,,,15500,10540
electricien::print,ELECTRICIEN +,electricien,Print,4 numéros,5000,210 x 297,,,,3400,2312
electroniques::print,ELECTRONIQUES,electroniques,Print,Mensuel,10000,210 x 297,,,,8600,5848
emarketing::print,EMARKETING,emarketing,Print,4 Numéros / an,13500,210 x 280,,,,7500,5100
energie-plus::print,ENERGIE PLUS,energie-plus,Print,Bimensuel,2500,210 x 270,,,,5295,3600.6
entreprendre::print,ENTREPRENDRE,entreprendre,Print,Mensuel,35000,195 x 260,,,,7800,5304
entrepreneurs-des-territoires::print,ENTREPRENEURS DES TERRITOIRES,entrepreneurs-des-territoires,Print,8 Numéros / an,20000,210 x 297,,,,6400,4352
entretien-textile::print,ENTRETIEN TEXTILE,entretien-textile,Print,Bimestriel,11555,210 x 297,,,,3550,2414
envies-nomades::print,ENVIES NOMADES,envies-nomades,Print,Bimestriel,15000,240 x 310,,,,4900,3332
environnement-et-risques-sante::print,ENVIRONNEMENT ET RISQUES SANTE,environnement-et-risques-sante,Print,Bimestriel,1400,210 x 270,,,,4400,2992
environnement-magazine::print,ENVIRONNEMENT MAGAZINE,environnement-magazine,Print,Mensuel,5775,195 x 260,,,,7000,4760
espace-public-paysage::print,ESPACE PUBLIC & PAYSAGE,espace-public-paysage,Print,Bimestriel,5675,210 x 297,,,,3860,2624.8
essor-de-la-gendarmerie-nationale::print,ESSOR DE LA GENDARMERIE NATIONALE,essor-de-la-gendarmerie-nationale,Print,Mensuel,16000,210 x 280,,,,5200,3536
estetica::print,ESTETICA,estetica,Print,7 Numéros / an,13000,226 x 298,,,,3400,2312
etancheite-info::print,ETANCHEITE.INFO,etancheite-info,Print,Trimestriel,11500,210 x 297,,,,5187,3527.16
exe::print,EXE,exe,Print,Trimestriel,8000,232 x 300,,,,6300,4284
expert::print,EXPERT,expert,Print,Trimestriel,10000,210 x 297,,,,2500,1700
expression-cosmetique::print,EXPRESSION COSMETIQUE,expression-cosmetique,Print,Bimestriel,5000,210 x 270,,,,6020,4093.6
expressions-pharma::print,EXPRESSIONS PHARMA,expressions-pharma,Print,Mensuel,16000,210 x 270,,,,9000,6120
fenetres-s-cours::print,FENETRES S/ COURS,fenetres-s-cours,Print,Mensuel,120000,148 x 210,,,,7300,4964
filieres-avicoles::print,FILIERES AVICOLES,filieres-avicoles,Print,Mensuel,6250,210 x 285,,,,3900,2652
flottes-automobiles::print,FLOTTES AUTOMOBILES,flottes-automobiles,Print,Mensuel,21000,240 x 340,,,,9900,6732
fluides-et-transmissions::print,FLUIDES ET TRANSMISSIONS,fluides-et-transmissions,Print,7 Numéros / an,5800,230 x 330,,,,3250,2210
france-pizza::print,FRANCE PIZZA,france-pizza,Print,Bimestriel,15000,210 x 297,,,,4400,2992
france-routes::print,FRANCE ROUTES,france-routes,Print,Mensuel,11155,210 x 297,,,,6500,4420
snacking::print,FRANCE SNACKING,snacking,Print,Bimestriel,,210 x 297,,,,6200,4216
franchise-mag::print,FRANCHISE MAG,franchise-mag,Print,3 numeros,,205 x 275,,,,3750,2550
froid-news::print,FROID NEWS,froid-news,Print,Bimestriel,8800,210 x 297,,,,2990,2033.2
funds-magazine::print,FUNDS MAGAZINE,funds-magazine,Print,Mensuel,6500,204 x 280,,,,7700,5236
funeraire-magazine::print,FUNERAIRE MAGAZINE,funeraire-magazine,Print,Mensuel,3000,210 x 297,,,,1525,1037
la-gazette-du-palais::print,GAZETTE DU PALAIS,la-gazette-du-palais,Print,Hebdomadaire,6000,220 x 307,,,,2180,1482.4
genie-climatique::print,GENIE CLIMATIQUE,genie-climatique,Print,Bimestriel,12000,210 x 270,,,,6487,4411.16
geriatrie-et-psychologie-neuropsychiatrie-du-vieillissement::print,GERIATRIE ET PSYCHOLOGIE NEUROPSYCHIATRIE DU VIEILLISSEMENT,geriatrie-et-psychologie-neuropsychiatrie-du-vieillissement,Print,Trimestriel,2000,210 x 270,,,,4700,3196
geroscopie::print,GEROSCOPIE,geroscopie,Print,Mensuel,9000,210 x 270,,,,5100,3468
gestion-de-fortune::print,GESTION DE FORTUNE,gestion-de-fortune,Print,Mensuel,30000,265 X 200,,,,7600,5168
gestions-hospitalieres::print,GESTIONS HOSPITALIERES,gestions-hospitalieres,Print,Mensuel,1000,210 x 297,,,,4080,2774.4
gpo-mag::print,GPO MAG,gpo-mag,Print,Semestriel,,210 x 297,,,,3750,2550
grandes-cuisines::print,GRANDES CUISINES,grandes-cuisines,Print,Trimestriel,5000,210 x 297,,,,4500,3060
green-innovation::print,GREEN INNOVATION,green-innovation,Print,Trimestriel,20000,210 x 297,,,,11000,7480
green-touch::print,GREEN TOUCH,green-touch,Print,10 Numéros / an,20000,210 x 297,,,,11000,7480
gynecologie-obstetrique-pratique::print,GYNECOLOGIE OBSTETRIQUE PRATIQUE,gynecologie-obstetrique-pratique,Print,Mensuel,9413,290x430,,,,9900,6732
hematologie::print,HEMATOLOGIE,hematologie,Print,Bimestriel,1500,210 x 270,,,,5800,3944
hepato-gastro-et-oncologie-digestive::print,HEPATO GASTRO ET ONCOLOGIE DIGESTIVE,hepato-gastro-et-oncologie-digestive,Print,Mensuel,4000,210 x 270,,,,5800,3944
honore-le-mag::print,HONORE LE MAG,honore-le-mag,Print,Bimestriel,14000,210 x 297,,,,3900,2652
hospitality-on::print,HOSPITALITY ON,hospitality-on,Print,Mensuel,7000,210 x 297,,,,5000,3400
hydrogenium::print,HYDROGENIUM,hydrogenium,Print,Trimestriel,15000,210 x 297,,,,7000,4760
hydroplus::print,HYDROPLUS,hydroplus,Print,5 Numéros / an,5410,195 x 260,,,,7000,4760
images-en-dermatologie::print,IMAGES EN DERMATOLOGIE,images-en-dermatologie,Print,Bimestriel,4000,,,,,8700,5916
images-en-ophtalmologie::print,IMAGES EN OPHTALMOLOGIE,images-en-ophtalmologie,Print,Bimestriel,5500,,,,,8700,5916
industries-cosmetiques::print,INDUSTRIES COSMETIQUES,industries-cosmetiques,Print,Trimestriel,6000,210 x 297,,,,3990,2713.2
inffo-formation::print,INFFO FORMATION,inffo-formation,Print,Bimensuel,1106,,,,,2915,1982.2
info-cyber-risques::print,INFO CYBER RISQUES,info-cyber-risques,Print,Trimestriel,5000,210 x 297,,,,3200,2176
innovation-et-therapeutiques-en-oncologie::print,INNOVATION ET THERAPEUTIQUES EN ONCOLOGIE,innovation-et-therapeutiques-en-oncologie,Print,Bimestriel,2500,210 x 270,,,,5800,3944
intramuros::print,INTRAMUROS,intramuros,Print,Trimestriel,15000,220 x 300,,,,6500,4420
investissement-conseils::print,INVESTISSEMENT CONSEILS,investissement-conseils,Print,Mensuel,30000,210 x 280,,,,9260,6296.8
it-for-business::print,IT FOR BUSINESS,it-for-business,Print,Mensuel,14880,210 x 297,,,,5000,3400
j2r::print,J2R,j2r,Print,Mensuel,21000,210 x 297,,,,5890,4005.2
j3e::print,J3E,j3e,Print,Mensuel,4000,210 x 297,,,,3400,2312
jautomatise::print,JAUTOMATISE,jautomatise,Print,Bimestriel,9000,210 x 297,,,,3400,2312
journal-d-imagerie-diagnostique::print,JOURNAL D'IMAGERIE DIAGNOSTIQUE,journal-d-imagerie-diagnostique,Print,Bimestriel,8000,210 x 280,,,,6800,4624
journal-de-chirurgie-viscerale::print,JOURNAL DE CHIRURGIE VISCERALE,journal-de-chirurgie-viscerale,Print,Bimestriel,1200,210 x 297,,,,5300,3604
journal-de-l-assemblee-de-liaison::print,JOURNAL DE L'ASSEMBLEE DE LIAISON,journal-de-l-assemblee-de-liaison,Print,Bi annuel,14210,210 x 297,,,,4600,3128
journal-de-pharmacie-clinique::print,JOURNAL DE PHARMACIE CLINIQUE,journal-de-pharmacie-clinique,Print,Trimestriel,1000,210 x 270,,,,5000,3400
journal-des-communes::print,JOURNAL DES COMMUNES,journal-des-communes,Print,Bimestriel,9000,210 x 270,,,,4500,3060
journal-des-entreprises::print,JOURNAL DES ENTREPRISES,journal-des-entreprises,Print,Mensuel,57150,210 x 297,,,,22000,14960
journal-des-maires::print,JOURNAL DES MAIRES,journal-des-maires,Print,Mensuel,8428,210 x 280,,,,3600,2448
journal-du-parlement::print,JOURNAL DU PARLEMENT,journal-du-parlement,Print,Trimestriel,8000,240 x 320,,,,7500,5100
journal-du-pneumatique::print,JOURNAL DU PNEUMATIQUE,journal-du-pneumatique,Print,Bimestriel,6000,297 x 210,,,,4000,2720
journal-fran-ais-d-ophtalmologie::print,JOURNAL FRANÇAIS D'OPHTALMOLOGIE,journal-fran-ais-d-ophtalmologie,Print,Mensuel,5900,210 x 280,,,,9390,6385.2
journal-market::print,JOURNAL MARKET,journal-market,Print,Mensuel,8000,230 x 300,,,,2500,1700
kine-actualite::print,KINE ACTUALITE,kine-actualite,Print,Bimensuel,6800,208 x 265,,,,4525,3077
kinesitherapie-la-revue::print,KINESITHERAPIE LA REVUE,kinesitherapie-la-revue,Print,Mensuel,7470,210 x 280,,,,5450,3706
kinesitherapie-scientifique::print,KINESITHERAPIE SCIENTIFIQUE,kinesitherapie-scientifique,Print,Mensuel,6800,208 x 265,,,,4525,3077
l-activite-immobiliere::print,L'ACTIVITE IMMOBILIERE,l-activite-immobiliere,Print,Mensuel,7000,210 x 297,,,,3300,2244
l-antenne::print,L'ANTENNE,l-antenne,Print,Mensuel,10000,230 x 330,,,,5000,3400
l-assmat::print,L'ASSMAT,l-assmat,Print,Bimestriel,17000,210 x 297,,,,2800,1904
l-autre-cuisine::print,L'AUTRE CUISINE,l-autre-cuisine,Print,Trimestriel,15000,210 x 290,,,,5500,3740
l-auvergnat-de-paris::print,L'AUVERGNAT DE PARIS,l-auvergnat-de-paris,Print,Bimestriel,10200,240 x 390,,,,4000,2720
l-eclaireur-des-coiffeur::print,L'ECLAIREUR DES COIFFEURS,l-eclaireur-des-coiffeur,Print,Bimestriel,25000,207 x 270,,,,5600,3808
l-eleveur-lapin::print,L'ELEVEUR LAPIN,l-eleveur-lapin,Print,2 Numéros / an,1527,,,,,2550,1734
l-enseignant::print,L'ENSEIGNANT,l-enseignant,Print,Bimestriel,53719,210 x 297,,,,9250,6290
l-essentiel-de-l-optique::print,L'ESSENTIEL DE L'OPTIQUE,l-essentiel-de-l-optique,Print,Mensuel,12000,210 x 297,,,,6700,4556
l-essentiel::print,L'ESSENTIEL,l-essentiel,Print,Hebdomadaire (chaque jeudi),5000,206 x 265,,,,4400,2992
l-hemicyle::print,L'HEMICYLE,l-hemicyle,Print,Trimestriel,5000,210 x 280,,,,6900,4692
l-hotellerie-restauration::print,L'HOTELLERIE RESTAURATION,l-hotellerie-restauration,Print,Mensuel,40000,240 x 335,,,,7800,5304
l-industrie-hoteliere::print,L'INDUSTRIE HOTELIERE,l-industrie-hoteliere,Print,9 Numéros / an,17000,210 x 297,,,,5400,3672
l-infirmiere-magazine::print,L'INFIRMIERE MAGAZINE,l-infirmiere-magazine,Print,Mensuel,40000,210 x 297,,,,8100,5508
l-informaticien::print,L'INFORMATICIEN,l-informaticien,Print,Mensuel,12000,210 x 297,,,,3800,2584
l-information-dentaire::print,L'INFORMATION DENTAIRE,l-information-dentaire,Print,Hebdomadaire (chaque mercredi),9177,210 x 270,,,,5000,3400
l-information-psychiatrique::print,L'INFORMATION PSYCHIATRIQUE,l-information-psychiatrique,Print,Mensuel,3000,210 x 270,,,,5400,3672
l-installateur::print,L'INSTALLATEUR,l-installateur,Print,Mensuel,24000,240 x 310,,,,7410,5038.8
l-officiel-des-cuisinistes::print,L'OFFICIEL DES CUISINISTES,l-officiel-des-cuisinistes,Print,Mensuel,6000,230 x 300,,,,2500,pas de tarif
l-officiel-des-terrains-de-camping::print,L'OFFICIEL DES TERRAINS DE CAMPING,l-officiel-des-terrains-de-camping,Print,Mensuel,8000,218 x 292,,,,2990,2033.2
l-officiel-des-transporteurs::print,L'OFFICIEL DES TRANSPORTEURS,l-officiel-des-transporteurs,Print,Mensuel,4500,210 x 297,,,,6500,4420
l-opticien-lunetier::print,L'OPTICIEN LUNETIER,l-opticien-lunetier,Print,9 numéros / an,5000,205 x 270,,,,3780,2570.4
l-ouie-magazine::print,L'OUIE MAGAZINE,l-ouie-magazine,Print,9 numéros / an,3000,205 x 270,,,,3050,2074
la-boucherie-francaise::print,LA BOUCHERIE FRANCAISE,la-boucherie-francaise,Print,Mensuel,10000,275 x 380,,,,6330,4304.4
la-classe-maternelle::print,LA CLASSE MATERNELLE,la-classe-maternelle,Print,Mensuel,12000,168 x 235,,,,3360,2284.8
la-classe::print,LA CLASSE,la-classe,Print,Mensuel,11200,168 x 235,,,,3240,2203.2
la-cuisine-pro-la-rpf::print,LA CUISINE PRO (LA RPF),la-cuisine-pro-la-rpf,Print,4 Numéros / an,5500,230 x 300,,,,5291,3597.88
la-depeche-veterinaire::print,LA DEPECHE VETERINAIRE,la-depeche-veterinaire,Print,Hebdomadaire,3118,240 x 340,,,,4040,2747.2
la-depeche::print,LA DEPECHE,la-depeche,Print,Hebdomadaire,2750,200 x 285,,,,2580,1754.4
la-france-agricole::print,LA FRANCE AGRICOLE,la-france-agricole,Print,Hebdomadaire (chaque vendredi),91618,200 x 270,,,,17800,12104
la-gazette-du-laboratoire::print,LA GAZETTE DU LABORATOIRE,la-gazette-du-laboratoire,Print,Mensuel,8000,210 x 310,,,,3690,2509.2
la-gazette-du-palais::print,LA GAZETTE DU PALAIS,la-gazette-du-palais,Print,Hebdomadaire,9000,220 x 307,,,,2110,1434.8
la-lettre-du-cancerologue::print,LA LETTRE DU CANCEROLOGUE,la-lettre-du-cancerologue,Print,Mensuel,3500,,,,,8700,5916
la-lettre-du-cardiologue::print,LA LETTRE DU CARDIOLOGUE,la-lettre-du-cardiologue,Print,Mensuel,7000,,,,,8700,5916
la-lettre-du-gynecologue::print,LA LETTRE DU GYNECOLOGUE,la-lettre-du-gynecologue,Print,Bimestriel,7500,,,,,8700,5916
la-lettre-du-neurologue::print,LA LETTRE DU NEUROLOGUE,la-lettre-du-neurologue,Print,Mensuel,3000,,,,,8700,5916
la-lettre-du-psychiatre::print,LA LETTRE DU PSYCHIATRE,la-lettre-du-psychiatre,Print,Trimestriel,7000,,,,,8700,5916
la-lettre-du-rhumatologue::print,LA LETTRE DU RHUMATOLOGUE,la-lettre-du-rhumatologue,Print,Mensuel,3000,,,,,8700,5916
la-profession-comptable::print,LA PROFESSION COMPTABLE,la-profession-comptable,Print,Mensuel,6000,210 x 280,,,,1410,958.8
la-revue-administration-intendance::print,LA REVUE ADMINISTRATION & INTENDANCE,la-revue-administration-intendance,Print,Trimestriel,15000,210 x 297,,,,2400,1632
la-revue-de-l-infirmiere::print,LA REVUE DE L'INFIRMIERE,la-revue-de-l-infirmiere,Print,Mensuel,8000,210 x 297,,,,9600,6528
la-revue-des-opticiens::print,LA REVUE DES OPTICIENS,la-revue-des-opticiens,Print,Mensuel,5000,230 x 300,,,,4000,2720
la-revue-des-tabacs::print,LA REVUE DES TABACS,la-revue-des-tabacs,Print,Mensuel,20000,210 x 297,,,,7560,5140.8
la-revue-du-praticien-medecine-generale::print,"LA REVUE DU PRATICIEN, MEDECINE GENERALE",la-revue-du-praticien-medecine-generale,Print,Mensuel,15000,210 x 270,,,,8600,5848
la-revue-du-praticien::print,LA REVUE DU PRATICIEN,la-revue-du-praticien,Print,Mensuel,12000,210 x 270,,,,7200,4896
la-revue-du-trombinoscope::print,LA REVUE DU TROMBINOSCOPE,la-revue-du-trombinoscope,Print,Mensuel,15300,210 x 297,,,,7900,5372
la-revue-fiscale-du-patrimoine::print,LA REVUE FISCALE DU PATRIMOINE,la-revue-fiscale-du-patrimoine,Print,Mensuel,1100,210 x 297,,,,1600,1088
la-revue-generale-des-chemins-de-fer::print,LA REVUE GENERALE DES CHEMINS DE FER,la-revue-generale-des-chemins-de-fer,Print,Mensuel,2000,210 x 297,,,,2500,1700
la-revue-pratique-du-froid-et-du-conditionnement-d-air-la-rpf::print,LA REVUE PRATIQUE DU FROID ET DU CONDITIONNEMENT D'AIR (LA RPF),la-revue-pratique-du-froid-et-du-conditionnement-d-air-la-rpf,Print,Bimestriel,5600,230 x 300,,,,5330,3624.4
la-revue-scolaire-et-universitaire::print,LA REVUE SCOLAIRE ET UNIVERSITAIRE,la-revue-scolaire-et-universitaire,Print,Bimestriel,2950,210 x 297,,,,10900,7412
la-semaine-juridique-5-editions::print,LA SEMAINE JURIDIQUE (5 EDITIONS),la-semaine-juridique-5-editions,Print,Hebdomadaire,25000,210 x 297,,,,11482,7807.76
la-semaine-juridique-edition-administrations-et-collectivit-s-territoriales::print,LA SEMAINE JURIDIQUE (EDITION ADMINISTRATIONS ET COLLECTIVITÉS TERRITORIALES),la-semaine-juridique-edition-administrations-et-collectivit-s-territoriales,Print,Hebdomadaire,1600,210 x 297,,,,2230,1516.4
la-semaine-juridique-edition-generale::print,LA SEMAINE JURIDIQUE (EDITION GENERALE),la-semaine-juridique-edition-generale,Print,Hebdomadaire,5700,210 x 297,,,,3695,2512.6
la-semaine-juridique-edition-notariale-et-immobili-re::print,LA SEMAINE JURIDIQUE (EDITION NOTARIALE ET IMMOBILIÈRE),la-semaine-juridique-edition-notariale-et-immobili-re,Print,Hebdomadaire,10000,210 x 297,,,,4025,2737
la-semaine-juridique-edition-sociale::print,LA SEMAINE JURIDIQUE (EDITION SOCIALE),la-semaine-juridique-edition-sociale,Print,Hebdomadaire,2800,210 x 297,,,,2380,1618.4
la-semaine-juridique-entreprise-affaire::print,LA SEMAINE JURIDIQUE (ENTREPRISE & AFFAIRE),la-semaine-juridique-entreprise-affaire,Print,Hebdomadaire,3900,210 x 297,,,,2980,2026.4
la-semaine-veterinaire::print,LA SEMAINE VETERINAIRE,la-semaine-veterinaire,Print,Hebdomadaire (chaque vendredi),3400,210 x 297,,,,4800,3264
la-toque-magazine::print,LA TOQUE MAGAZINE,la-toque-magazine,Print,Mensuel,40000,200 x 270,,,,10500,7140
la-tribune-de-l-assurance::print,LA TRIBUNE DE L'ASSURANCE,la-tribune-de-l-assurance,Print,Mensuel,10000,220 x 280,,,,6500,4420
la-tribune-des-auto-ecoles::print,LA TRIBUNE DES AUTO-ECOLES,la-tribune-des-auto-ecoles,Print,Mensuel,4800,210 x 297,,,,2740,1863.2
la-tribune-du-reseau-presse::print,LA TRIBUNE DU RESEAU PRESSE,la-tribune-du-reseau-presse,Print,Mensuel,8000,210 x 280,,,,4100,2788
laiteries-mag::print,LAITERIES MAG,laiteries-mag,Print,Trimestriel,3000,200 x 285,,,,2615,1778.2
le-batiment-artisanal::print,LE BATIMENT ARTISANAL,le-batiment-artisanal,Print,Mensuel,57761,237 x 300,,,,12000,8160
le-bijoutier::print,LE BIJOUTIER,le-bijoutier,Print,Mensuel,8000,210 x 280,,,,3250,2210
le-chef::print,LE CHEF,le-chef,Print,9 Numéros / an,20000,210 x 297,,,,7100,4828
le-chirurgien-dentiste-de-france::print,LE CHIRURGIEN DENTISTE DE FRANCE,le-chirurgien-dentiste-de-france,Print,Hebdomadaire,6515,210 x 270,,,,4680,3182.4
le-concours-medical::print,LE CONCOURS MEDICAL,le-concours-medical,Print,Mensuel,6000,210 x 270,,,,6300,4284
le-courrier-de-la-transplantation::print,LE COURRIER DE LA TRANSPLANTATION,le-courrier-de-la-transplantation,Print,Trimestriel,2800,,,,,8700,5916
le-courrier-du-meuble-et-de-l-habitat::print,LE COURRIER DU MEUBLE ET DE L'HABITAT,le-courrier-du-meuble-et-de-l-habitat,Print,Mensuel,2000,230 x 300,,,,4950,3366
le-journal-de-l-automobile::print,LE JOURNAL DE L'AUTOMOBILE,le-journal-de-l-automobile,Print,Mensuel,12900,210 x 297,,,,5190,3529.2
le-journal-de-la-marine-marchande::print,LE JOURNAL DE LA MARINE MARCHANDE,le-journal-de-la-marine-marchande,Print,Trimestriel,24500,210 x 297,,,,5000,3400
le-journal-des-flottes::print,LE JOURNAL DES FLOTTES,le-journal-des-flottes,Print,Bimestriel,16200,210 x 297,,,,7900,5372
le-journal-des-fluides::print,LE JOURNAL DES FLUIDES,le-journal-des-fluides,Print,Bimestriel,7000,210 x 297,,,,5475,3723
le-journal-des-patissiers::print,LE JOURNAL DES PATISSIERS,le-journal-des-patissiers,Print,Mensuel,10000,230 x 300,,,,4200,2856
le-journal-du-poids-lourd::print,LE JOURNAL DU POIDS LOURD,le-journal-du-poids-lourd,Print,4 Numéros / an,16000,210 x 297,,,,5890,4005.2
le-journal-du-village-de-la-justice::print,LE JOURNAL DU VILLAGE DE LA JUSTICE,le-journal-du-village-de-la-justice,Print,Trimestriel,16000,210 x 297,,,,2500,1700
le-journal-du-village-des-notaires::print,LE JOURNAL DU VILLAGE DES NOTAIRES,le-journal-du-village-des-notaires,Print,6 Numéros / an,5000,210 x 297,,,,1700,1156
le-journal-du-vrac::print,LE JOURNAL DU VRAC,le-journal-du-vrac,Print,Bimestriel,12000,210 x 297,,,,7052,4795.36
le-lien-horticole::print,LE LIEN HORTICOLE,le-lien-horticole,Print,Mensuel,3500,220 x 285,,,,4200,2856
le-marin::print,LE MARIN,le-marin,Print,Hebdomadaire,10830,207 x 278,,,,5900,4012
le-monde-du-surgele::print,LE MONDE DU SURGELE,le-monde-du-surgele,Print,Mensuel,10200,210 x 270,,,,6487,4411.16
le-moniteur-des-pharmacies::print,LE MONITEUR DES PHARMACIES,le-moniteur-des-pharmacies,Print,Hebdomadaire (chaque samedi),13000,230 x 285,,,,10900,7412
le-nouvel-economiste::print,LE NOUVEL ECONOMISTE,le-nouvel-economiste,Print,Hebdomadaire,25000,,,,,10900,7412
le-papetier-de-france::print,LE PAPETIER DE FRANCE,le-papetier-de-france,Print,Mensuel,7500,210 x 270,,,,7475,5083
le-pharmacien-de-france::print,LE PHARMACIEN DE FRANCE,le-pharmacien-de-france,Print,Mensuel,12500,230 x 297,,,,7200,4896
le-podologue::print,LE PODOLOGUE,le-podologue,Print,Trimestriel,14000,170 x 240,,,,3550,2414
le-point-veterinaire::print,LE POINT VETERINAIRE,le-point-veterinaire,Print,Mensuel,3212,,,,,5250,3570
le-praticien-en-anesthesie-reanimation::print,LE PRATICIEN EN ANESTHESIE REANIMATION,le-praticien-en-anesthesie-reanimation,Print,bimestriel,400,210 x 280,,,,6800,4624
le-quotidien-du-medecin::print,LE QUOTIDIEN DU MEDECIN,le-quotidien-du-medecin,Print,Bimensuel,40000,210 x 297,,,,16900,11492
le-quotidien-du-pharmacien::print,LE QUOTIDIEN DU PHARMACIEN,le-quotidien-du-pharmacien,Print,Bimensuel,20000,290 x 430,,,,16900,11492
les-cahiers-d-ophtalmologie::print,LES CAHIERS D'OPHTALMOLOGIE,les-cahiers-d-ophtalmologie,Print,Mensuel,5000,210 x 270,,,,4545,3090.6
les-nouvelles-de-la-boulangerie-patisserie::print,LES NOUVELLES DE LA BOULANGERIE-PATISSERIE,les-nouvelles-de-la-boulangerie-patisserie,Print,Bimensuel,4187,230 x 300,,,,3600,2448
les-nouvelles-esthetiques::print,LES NOUVELLES ESTHETIQUES,les-nouvelles-esthetiques,Print,Mensuel,15000,210 x 297,,,,4600,3128
les-routiers::print,LES ROUTIERS,les-routiers,Print,Mensuel,45000,210 x 297,,,,6600,4488
lettre-m2::print,LETTRE M2,lettre-m2,Print,Mensuel,1800,280 x 200,,,,3300,2244
lineaires::print,LINEAIRES,lineaires,Print,Mensuel,13000,200 x 270,,,,7800,5304
livres-hebdo::print,LIVRES HEBDO,livres-hebdo,Print,Mensuel,12000,205 x 265,,,,2900,1972
lja-la-lettre-des-juristes-d-affaires::print,LJA (LA LETTRE DES JURISTES D'AFFAIRES),lja-la-lettre-des-juristes-d-affaires,Print,Hebdomadaire,2000,175 x 235,,,,3000,2040
lja-le-magazine::print,LJA LE MAGAZINE,lja-le-magazine,Print,Bimestriel,3000,250 x 328,,,,3000,2040
loyers-et-copropriete::print,LOYERS ET COPROPRIETE,loyers-et-copropriete,Print,Mensuel,2500,210 x 297,,,,1600,1088
lumieres::print,LUMIERES,lumieres,Print,4 Numéros / an,3500,230 x 297,,,,3400,2312
lux-la-revue-de-l-eclairage::print,LUX LA REVUE DE L'ECLAIRAGE,lux-la-revue-de-l-eclairage,Print,Bimestriel,5000,230 x 297,,,,3200,2176
machines-production::print,MACHINES PRODUCTION,machines-production,Print,Mensuel,8000,210 x 297,,,,3360,2284.8
maires-de-france::print,MAIRES DE FRANCE,maires-de-france,Print,Mensuel,13692,210 x 280,,,,5500,3740
mat-environnement::print,MAT ENVIRONNEMENT,mat-environnement,Print,Mensuel,14000,195 x 260,,,,7000,4760
materiel-agricole::print,MATERIEL AGRICOLE,materiel-agricole,Print,Mensuel,38273,220 x 285,,,,8400,5712
materiel-paysage::print,MATERIEL & PAYSAGE,materiel-paysage,Print,Mensuel,4500,220 x 285,,,,5700,3876
medecine-et-enfance::print,MEDECINE ET ENFANCE,medecine-et-enfance,Print,Mensuel,7200,220 x 300,,,,8700,5916
medecine-therapeutique-pediatrie::print,MEDECINE THERAPEUTIQUE PEDIATRIE,medecine-therapeutique-pediatrie,Print,Trimestriel,1200,210 x 270,,,,5400,3672
medecine::print,MEDECINE,medecine,Print,Mensuel,6000,210 x 270,,,,7000,4760
media-cse::print,MEDIA CSE,media-cse,Print,Mensuel,20000,210 x 297,,,,5900,4012
mesures::print,MESURES,mesures,Print,Bimestriel,8500,210 x 297,,,,5775,3927
metal-flash::print,METAL FLASH,metal-flash,Print,5 Numéros / an,12800,210 x 297,,,,5317,3615.56
metal-industries::print,METAL INDUSTRIES,metal-industries,Print,6 Numéros / an,4400,210 x 297,,,,2353,1600.04
mon-oeil::print,MON OEIL !,mon-oeil,Print,2 Numéros / an,5000,210 x 297,,,,8000,5440
monde-de-l-epicerie-fine::print,MONDE DE L'EPICERIE FINE,monde-de-l-epicerie-fine,Print,Bimestriel,7000,200 x 265,,,,5850,3978
monde-de-l-informatique::print,LE MONDE DE L'INFORMATIQUE,monde-de-l-informatique,,,7500,,,,,4100,2788
moteurs-reseaux::print,MOTEURS & RESEAUX,moteurs-reseaux,Print,Mensuel,3500,,,,,pas de tarif,pas de tarif
nephrologie-et-therapeutique::print,NEPHROLOGIE ET THERAPEUTIQUE,nephrologie-et-therapeutique,Print,7 Numéros / an,1400,210 x 270,,,,5800,3944
neurologies::print,NEUROLOGIES,neurologies,Print,Mensuel,3500,210 x 297,,,,8000,5440
neuropsychologie::print,NEUROPSYCHOLOGIE,neuropsychologie,Print,Trimestriel,3500,210 x 270,,,,4700,3196
notaires-vie-professionnelle::print,NOTAIRES VIE PROFESSIONNELLE,notaires-vie-professionnelle,Print,Bimestriel,20000,209 x 277 sans traits de coupe,,,,4700,3196
nutrition-infos::print,NUTRITION INFOS,nutrition-infos,Print,Bimestriel,6000,210 x 297,,,,6750,4590
objectif-soins-et-management::print,OBJECTIF SOINS ET MANAGEMENT,objectif-soins-et-management,Print,Trimestriel,10000,210 x 297,,,,5800,3944
onko::print,ONKO +,onko,Print,Mensuel,3000,210 x 297,,,,8000,5440
opa-pratique::print,OPA PRATIQUE,opa-pratique,Print,Mensuel,8603,290 x 430,,,,9900,6732
option-bio::print,OPTION BIO,option-bio,Print,Bimestriel,300,210 x 297,,,,5300,3604
option-finance::print,OPTION FINANCE,option-finance,Print,Hebdomadaire (chaque lundi),29000,204 x 280,,,,13000,8840
pediatrie-pratique::print,PEDIATRIE PRATIQUE,pediatrie-pratique,Print,Mensuel,8902,290 x 440,,,,9900,6732
petmarket-magazine::print,PETMARKET MAGAZINE,petmarket-magazine,Print,Mensuel,4026,206 x 265,,,,4400,2992
pharma-365::print,PHARMA 365,pharma-365,Print,Mensuel,18000,210 x 297,,,,6900,4692
pharmacie-rurale::print,PHARMACIE RURALE,pharmacie-rurale,Print,Bimestriel,7500,210 x 297,,,,3950,2686
pharmacien-business::print,PHARMACIEN BUSINESS,pharmacien-business,Print,Mensuel,13000,210 x 270,,,,10900,7412
phytoma::print,PHYTOMA,phytoma,Print,Mensuel,4000,210 x 297,,,,4600,3128
pic::print,PIC,pic,Print,Bimestriel,17500,210 x 297,,,,4590,3121.2
pierre-actual::print,PIERRE ACTUAL,pierre-actual,Print,Mensuel,2500,180 x 270,,,,1525,1037
piscines-spas-jardins::print,"PISCINES, SPAS & JARDINS",piscines-spas-jardins,Print,3 num / an,7205,210 x 297,,,,2870,1951.6
points-de-vente::print,POINTS DE VENTE,points-de-vente,Print,Mensuel,6435,210 x 297,,,,5460,3712.8
porc-magazine::print,PORC MAGAZINE,porc-magazine,Print,Mensuel,5500,200 x 260,,,,4100,2788
porphyre::print,PORPHYRE,porphyre,Print,Mensuel,10000,210 x 297,,,,6600,4488
prescription-beton::print,PRESCRIPTION BETON,prescription-beton,Print,5 Numéros / an,8000,195 x 260,,,,7000,4760
prevention-btp::print,PREVENTION BTP,prevention-btp,Print,Mensuel,5500,200 x 270,,,,3200,2176
private-equity::print,PRIVATE EQUITY,private-equity,Print,Mensuel,5000,210 x 297,,,,4950,3366
procedures::print,PROCEDURES,procedures,Print,Mensuel,1600,210 x 297,,,,1600,1088
process-alimentaire::print,PROCESS ALIMENTAIRE,process-alimentaire,Print,Mensuel,7834,200 x 270,,,,5100,3468
production-laitiere-moderne::print,PRODUCTION LAITIERE MODERNE,production-laitiere-moderne,Print,Mensuel,16250,210 x 297,,,,5130,3488.4
produits-de-la-mer::print,PRODUITS DE LA MER,produits-de-la-mer,Print,Mensuel,5000,230 x 280,,,,4090,2781.2
produits-equipements-industriels::print,PRODUITS EQUIPEMENTS INDUSTRIELS,produits-equipements-industriels,Print,Mensuel,39477,210 x 285,,,,7700,5236
profession-achat::print,PROFESSION ACHAT,profession-achat,Print,4 Numéros / an,20000,,,,,4200,2856
profession-carrossier::print,PROFESSION CARROSSIER,profession-carrossier,Print,Trimestriel,6976,210 x 297,,,,3590,2441.2
profession-cgp::print,PROFESSION CGP,profession-cgp,Print,Trimestriel,8000,225 x 297,,,,8990,6113.2
profession-paysagiste::print,PROFESSION PAYSAGISTE,profession-paysagiste,Print,Bimestriel,5750,210 x 297,,,,3750,2550
profession-sage-femme::print,PROFESSION SAGE-FEMME,profession-sage-femme,Print,10 Numéros / an,5500,210 x 297,,,,2750,1870
projet-paysage-s::print,PROJET PAYSAGE(S),projet-paysage-s,Print,Bimestriel,7500,,,,,3860,2624.8
protection-securite-magazine::print,PROTECTION SECURITE MAGAZINE,protection-securite-magazine,Print,Bimestriel,15580,210 x 297,,,,4590,3121.2
psychologues::print,PSYCHOLOGUES,psychologues,Print,Bimestriel,8000,210 x 297,,,,2400,1632
rayon-boissons::print,RAYON BOISSONS,rayon-boissons,Print,Mensuel,9133,210 x 285,,,,5610,3814.8
recueil-dalloz::print,RECUEIL DALLOZ,recueil-dalloz,Print,Hebdomadaire,2550,210 x 297,,,,4900,3332
recyclage::print,RECYCLAGE,recyclage,Print,Bimestriel,7500,210 x 270,,,,7313,4972.84
reference-carrelage::print,REFERENCE CARRELAGE,reference-carrelage,Print,Bimestriel,4995,210 x 297,,,,4495,3056.6
regions-magazine-collectivites-locales::print,REGIONS MAGAZINE (COLLECTIVITES LOCALES),regions-magazine-collectivites-locales,Print,Trimestriel,20000,160 x 225,,,,6000,4080
regions-magazine-dirigeants-de-tpe-pme::print,REGIONS MAGAZINE (DIRIGEANTS DE TPE/PME),regions-magazine-dirigeants-de-tpe-pme,Print,Trimestriel,20000,196 x 268,,,,6000,4080
relation-client::print,RELATION CLIENT,relation-client,Print,4 Numéros / an,11500,210 x 280,,,,7000,4760
relations-culture::print,RELATIONS CULTURE,relations-culture,Print,Bimestriel,8600,200 x 270,,,,3700,2516
reperes-en-geriatrie::print,REPERES EN GERIATRIE,reperes-en-geriatrie,Print,Mensuel,5000,210 x 297,,,,8000,5440
reseaux-vrd-lignes-canalisations::print,RESEAUX VRD LIGNES & CANALISATIONS,reseaux-vrd-lignes-canalisations,Print,Mensuel,9600,195 x 260,,,,7000,4760
restauration-collective::print,RESTAURATION COLLECTIVE,restauration-collective,Print,9 numéros / an,12000,210 x 297,,,,6100,4148
reussir-bovins::print,REUSSIR BOVINS,reussir-bovins,Print,Mensuel,22500,200 x 285,,,,5210,3542.8
reussir-fruits-legumes::print,REUSSIR FRUITS & LEGUMES,reussir-fruits-legumes,Print,Mensuel,7750,200 x 285,,,,4350,2958
reussir-grandes-cultures::print,REUSSIR GRANDES CULTURES,reussir-grandes-cultures,Print,Mensuel,55000,200 x 285,,,,10510,7146.8
reussir-la-chevre::print,REUSSIR LA CHEVRE,reussir-la-chevre,Print,Bimestriel,4000,200 x 285,,,,2580,1754.4
reussir-lait::print,REUSSIR LAIT,reussir-lait,Print,Mensuel,33500,200 x 285,,,,7780,5290.4
reussir-patre::print,REUSSIR PATRE,reussir-patre,Print,Mensuel,5500,200 x 285,,,,3840,2611.2
reussir-porc::print,REUSSIR PORC,reussir-porc,Print,Mensuel,4150,200 x 285,,,,3840,2611.2
reussir-vigne::print,REUSSIR VIGNE,reussir-vigne,Print,Mensuel,19500,200 x 285,,,,5650,3842
reussir-volailles::print,REUSSIR VOLAILLES,reussir-volailles,Print,Mensuel,3750,200 x 285,,,,3490,2373.2
revue-banque::print,REVUE BANQUE,revue-banque,Print,Mensuel,9100,210 x 297,,,,6100,4148
revue-de-la-pratique-avancee::print,REVUE DE LA PRATIQUE AVANCEE,revue-de-la-pratique-avancee,Print,Trimestriel,5000,,,,,8700,5916
revue-des-collectivites-locales::print,REVUE DES COLLECTIVITES LOCALES,revue-des-collectivites-locales,Print,Trimestriel,18000,215 x 270,,,,5800,3944
revue-des-maladies-respiratoires::print,REVUE DES MALADIES RESPIRATOIRES,revue-des-maladies-respiratoires,Print,Mensuel,3400,210 x 280,,,,10300,7004
revue-hospitaliere-de-france::print,REVUE HOSPITALIERE DE FRANCE,revue-hospitaliere-de-france,Print,Bimestriel,8000,210 x 297,,,,3800,2584
rh-m::print,RH&M,rh-m,Print,Trimestriel,4000,210 x 275,,,,3000,2040
rhumatos::print,RHUMATOS,rhumatos,Print,Mensuel,3000,210 x 297,,,,8000,5440
ria-la-revue-de-l-industrie-agroalimentaire::print,RIA (LA REVUE DE L'INDUSTRIE AGROALIMENTAIRE),ria-la-revue-de-l-industrie-agroalimentaire,Print,Mensuel,7891,220 x 285,,,,5430,3692.4
route-actualite::print,ROUTE ACTUALITE,route-actualite,Print,Bimestriel,6000,210 x 290,,,,9087,6179.16
rungis-actualites::print,RUNGIS ACTUALITES,rungis-actualites,Print,Mensuel,25000,210 x 297,,,,7000,4760
rvi::print,RVI,rvi,Print,Bimestriel,10000,210 x 297,,,,4900,3332
salles-propres::print,SALLES PROPRES,salles-propres,Print,Bimestriel,4600,230 x 300,,,,5187,3527.16
sante-travail::print,SANTE&TRAVAIL,sante-travail,Print,Trimestriel,42000,200 x 270,,,,3600,2448
services-proprete::print,SERVICES PROPRETE,services-proprete,Print,6 Numéros / an,5350,210 x 270,,,,5772,3924.96
servir-alumni-de-l-ena-et-de-l-insp::print,SERVIR - ALUMNI DE L'ENA ET DE L'INSP,servir-alumni-de-l-ena-et-de-l-insp,Print,Mensuel,9000,200 x 253,,,,9100,6188
silicon::print,SILICON,silicon,Print,Trimestriel,8000,210 x 280,,,,7300,4964
smart-dsi::print,SMART DSI,smart-dsi,Print,Trimestriel,8000,210 x 297,,,,2640,1795.2
smart-integrations::print,SMART INTEGRATIONS,smart-integrations,Print,3 Numéros / an,6000,210 x 297,,,,3200,2176
snacking::print,SNACKING,snacking,Print,Bimestriel,61219,210 x 297,,,,6100,4148
snptes::print,SNPTES,snptes,Print,Trimestriel,13000,210 x 297,,,,2500,pas de tarif
soudage-et-techniques-connexes::print,SOUDAGE ET TECHNIQUES CONNEXES,soudage-et-techniques-connexes,Print,Bimestriel,3000,210 x 297,,,,1930,1312.4
sporteco::print,SPORTECO,sporteco,Print,Mensuel,8000,243 X 340,,,,3200,2176
strategie-logistique::print,STRATEGIE LOGISTIQUE,strategie-logistique,Print,Bimestriel,7000,200 x 283,,,,5000,3400
strategies::print,STRATEGIES,strategies,Print,Hebdomadaire (chaque jeudi),11337,210 x 270,,,,9200,6256
supply-chain-magazine::print,SUPPLY CHAIN MAGAZINE,supply-chain-magazine,Print,Mensuel,12072,210 x 297,,,,5500,3740
technic-baie::print,TECHNIC'BAIE,technic-baie,Print,Trimestriel,11000,210 x 297,,,,5317,3615.56
tendance-restauration::print,TENDANCES RESTAURATION,tendance-restauration,Print,9 Numéros / an,19000,210 x 297,,,,6200,4216
terrains-de-sports::print,TERRAINS DE SPORTS,terrains-de-sports,Print,Bimestriel,5700,,,,,3860,2624.8
terrassements-carrieres::print,TERRASSEMENTS & CARRIERES,terrassements-carrieres,Print,Bimestriel,8000,195 x 260,,,,7000,4760
terre-net::print,TERRE NET,terre-net,Print,Bimestriel,50000,200 x 270,,,,8750,5950
territoire-hydrogene::print,TERRITOIRE  HYDROGENE,territoire-hydrogene,Print,Trimestriel,15000,210 x 297,,,,5000,3400
thuries-gastronomie-magazine::print,THURIES GASTRONOMIE MAGAZINE,thuries-gastronomie-magazine,Print,Bimestriel,15000,230 x 300,,,,5000,3400
toiture-magazine::print,TOITURE MAGAZINE,toiture-magazine,Print,Trimestriel,20000,210 x 297,,,,11276,7667.68
tolerie-magazine::print,TOLERIE MAGAZINE,tolerie-magazine,Print,Mensuel,4500,210 x 297,,,,2530,1720.4
traitements-materiaux::print,TRAITEMENTS & MATERIAUX,traitements-materiaux,Print,Trimestriel,2000,210 x 297,,,,3150,2142
traits-urbains::print,TRAITS URBAINS,traits-urbains,Print,Bimestriel,7500,210 x 280,,,,4000,2720
transport-info::print,TRANSPORT INFO,transport-info,Print,Mensuel,13000,230 x 305,,,,6850,4658
trends::print,TRENDS,trends,Print,Bimestriel,20000,240 x 330,,,,5700,3876
turbulances::print,TURBULANCES,turbulances,Print,Trimestriel,4500,210 x 297,,,,2800,1904
union-presse::print,UNION PRESSE,union-presse,Print,Mensuel,12000,210 x 280,,,,4910,3338.8
urbanisme::print,URBANISME,urbanisme,Print,Bimestriel,8750,230 x 300,,,,3000,2040
valeurs-vertes::print,VALEURS VERTES,valeurs-vertes,Print,Trimestriel,8000,210 x 297,,,,4950,3366
verre-menuiserie-actualites::print,VERRE & MENUISERIE ACTUALITES,verre-menuiserie-actualites,Print,Bimestriel,10000,210 x 297,,,,3200,2176
verre-protections-mag::print,VERRE & PROTECTIONS MAG,verre-protections-mag,Print,Bimestriel,15000,210 x 297,,,,2830,1924.4
viande-magazine::print,VIANDE MAGAZINE,viande-magazine,Print,Trimestriel,3800,200 x 285,,,,3430,pas de tarif
ville-rail-transports::print,"VILLE,RAIL&TRANSPORTS",ville-rail-transports,Print,Mensuel,10000,182 x 257,,,,7500,5100
virologie::print,VIROLOGIE,virologie,Print,Bimestriel,1000,210 x 270,,,,4500,3060
viti::print,VITI,viti,Print,Mensuel,20000,190 x 270,,,,5530,3760.4
vitisbio::print,VITISBIO,vitisbio,Print,Trimestriel,11300,210 x 297,,,,6980,4746.4
vocation-enseignant::print,VOCATION ENSEIGNANT,vocation-enseignant,Print,Semestriel,25000,148 x 210,,,,5200,3536
vocation-service-public::print,VOCATION SERVICE PUBLIC,vocation-service-public,Print,Semestriel,25000,148 x 210,,,,5200,3536
weka::print,WEKA,weka,Print,Mensuel,12000,200 x 260,,,,3800,2584
what-s-up-doc::print,WHAT'S UP DOC,what-s-up-doc,Print,Trimestriel,18000,210 x 290,,,,5300,3604
workplace::print,WORKPLACE,workplace,Print,6 Numéros / an,5500,210 x 270,,,,5447,3703.96
abcdent-pro::web::300x600-300x250mobile,ABCDENT.PRO,abcdent-pro,Web,,,,63000,252000,,1578,1073.04
abcdent-pro::web::728x90-320x50mobile,ABCDENT.PRO,abcdent-pro,Web,,,,63000,252000,,1578,1073.04
acteurs-publics::web::1000x90-300x600-300x250mobile,ACTEURS PUBLICS,acteurs-publics,Web,,,,330000,450000,,pas de tarif,pas de tarif
action-co::web::1000x90-300x600,ACTION CO,action-co,Web,,,,25000,38000,,pas de tarif,pas de tarif
agefi::web::1000x90-300x600-300x250mobile,AGEFI,agefi,Web,,,,160000,250000,,pas de tarif,pas de tarif
app-ines::web::300x600,APP'INES,app-ines,Web,,,,12500,25000,,800,544
architecture-a-vivre::web::300x600,ARCHITECTURES A VIVRE,architecture-a-vivre,Web,,,,25903,76254,,1200,816
architecture-a-vivre::web::970x70,ARCHITECTURES A VIVRE,architecture-a-vivre,Web,,,,25903,76254,,1400,952
au-coeur-du-chr::web::1800x180-300x180mobile,AU COEUR DU CHR,au-coeur-du-chr,Web,,,,16000,40000,,3200,2176
batiactu::web::728x90-300x600-300x250mobile,BATIACTU,batiactu,Web,,,,450000,930000,,pas de tarif,pas de tarif
batirama::web::728x90floorad-300x600-300x250mobile,BATIRAMA,batirama,Web,,,,130000,220000,,pas de tarif,pas de tarif
batiweb::web::1000x90-300x250,BATIWEB,batiweb,Web,,,,110000,350000,,pas de tarif,pas de tarif
be-a-boss::web::1000x90-300x600-300x250mobile,BE A BOSS,be-a-boss,Web,,,,115000,180000,,pas de tarif,pas de tarif
biblond::web::300x600-300x250mobile,BIBLOND,biblond,Web,,,,65000,110000,,1750,1190
biblond::web::728x90,BIBLOND,biblond,Web,,,,65000,110000,,1750,1190
caducee::web::728x90floorad-300x600-300x250mobile,CADUCEE,caducee,Web,,,,90000,220000,,pas de tarif,pas de tarif
carrieres-juridiques::web::728x90-300x600,CARRIERES JURIDIQUES,carrieres-juridiques,Web,,,,14000,25000,,pas de tarif,pas de tarif
challenges::web::1000x90-300x600-300x250mobile,CHALLENGES,challenges,Web,,,,4400000,10000000,,pas de tarif,pas de tarif
chaud-froid-performance::web::300x250,CHAUD FROID PERFORMANCE,chaud-froid-performance,Web,,,,29000,65000,,1882,1279.76
chaud-froid-performance::web::728x90,CHAUD FROID PERFORMANCE,chaud-froid-performance,Web,,,,29000,65000,,2235,1519.8
compta-facile::web::728x90-300x600-300x250mobile,COMPTA FACILE,compta-facile,Web,,,,250000,380000,,pas de tarif,pas de tarif
compta-online::web::1000x200-300x600-300x250mobile,COMPTA ONLINE,compta-online,Web,,,,400000,800000,,pas de tarif,pas de tarif
culture-rh::web::300x600,CULTURE RH,culture-rh,Web,,,,200000,285000,,1955,1329.4
culture-rh::web::1100x250,CULTURE RH,culture-rh,Web,,,,200000,285000,,2281,1551.08
d-architecture::web::728x90-250x250mobile,D'ARCHITECTURES,d-architecture,Web,,,,50000,150000,,3125,2125
daf-mag::web::1000x90-300x600-300x250mobile,DAF MAG,daf-mag,Web,,,,30000,50000,,pas de tarif,pas de tarif
decideurs-strategie-finance-et-droit::web::1002x128floorad-300x600-300x250mobile,DECIDEURS STRATEGIE FINANCE ET DROIT,decideurs-strategie-finance-et-droit,Web,,,,78000,109000,,pas de tarif,pas de tarif
decisions-hpa::web::300x250,DECISIONS HPA,decisions-hpa,Web,,,,5000,8500,,1800,1224
decisions-hpa::web::728x90floorad,DECISIONS HPA,decisions-hpa,Web,,,,5000,8500,,2400,1632
developpez::web::729x90-300x600,DEVELOPPEZ,developpez,Web,,,,630000,2000000,,9000,6120
direction-s::web::300x250,DIRECTION(S),direction-s,Web,,,,10000,15000,,1750,1190
direction-s::web::728x90,DIRECTION(S),direction-s,Web,,,,10000,15000,,1750,1190
dynamique-mag::web::728x90floorad-300x600-300x250mobile,DYNAMIQUE MAG,dynamique-mag,Web,,,,60000,90000,,pas de tarif,pas de tarif
ecommerce-mag::web::728x90-300x600,ECOMMERCE MAG,ecommerce-mag,Web,,,,60000,160000,,2750,1870
egora-ethique::web::300x600,EGORA (ETHIQUE),egora-ethique,Web,,,,452000,1300000,,pas de tarif,pas de tarif
egora-ethique::web::728x90-300x250,EGORA (ETHIQUE),egora-ethique,Web,,,,452000,1300000,,pas de tarif,pas de tarif
egora::web::300x600-300x250mobile,EGORA,egora,Web,,,,452000,1300000,,pas de tarif,pas de tarif
egora::web::970x250-320x50mobile,EGORA,egora,Web,,,,452000,1300000,,pas de tarif,pas de tarif
electricien-3e-j3e::web::728x90-300x600-300x250mobile,ELECTRICIEN 3E + J3E,electricien-3e-j3e,Web,,,,150000,600000,,pas de tarif,pas de tarif
entretien-textile::web::200x200,ENTRETIEN TEXTILE,entretien-textile,Web,,,,5000,13500,,1154,784.72
entretien-textile::web::728x90-320x100mobile,ENTRETIEN TEXTILE,entretien-textile,Web,,,,5000,13500,,1923,1307.64
environnement-magazine::web::970x250,ENVIRONNEMENT MAGAZINE,environnement-magazine,Web,,,,26000,45000,,10600,7208
etancheite-info::web::300x250,ETANCHEITE INFO,etancheite-info,Web,,,,9500,15700,,1560,1060.8
etancheite-info::web::728x90,ETANCHEITE INFO,etancheite-info,Web,,,,9500,15700,,1287,875.16
flottes-automobiles::web::300x600-300x250mobile,FLOTTES AUTOMOBILES,flottes-automobiles,Web,,,,50000,80000,,4590,3121.2
flottes-automobiles::web::728x90,FLOTTES AUTOMOBILES,flottes-automobiles,Web,,,,50000,80000,,6940,4719.2
france-routes::web::300x600-300x250mobile,FRANCE ROUTES,france-routes,Web,,,,90000,185000,,5692,3870.56
france-routes::web::1000x90,FRANCE ROUTES,france-routes,Web,,,,90000,185000,,6000,4080
fusacq::web::728x90floorad-300x600-300x250mobile,FUSACQ,fusacq,Web,,,,70000,350000,,pas de tarif,pas de tarif
genie-climatique::web::300x600-300x250mobile,GENIE CLIMATIQUE,genie-climatique,Web,,,,13000,30000,,2210,1502.8
genie-climatique::web::728x90,GENIE CLIMATIQUE,genie-climatique,Web,,,,13000,30000,,1690,1149.2
geroscopie::web::263x237,GEROSCOPIE,geroscopie,Web,,,,12000,40000,,1300,884
geroscopie::web::728x90,GEROSCOPIE,geroscopie,Web,,,,12000,40000,,1200,816
gestions-hospitalieres::web::1140x90,GESTIONS HOSPITALIERES,gestions-hospitalieres,Web,,,,7000,17000,,4525,3077
gpo-mag::web::728x90floorad,GPO MAG,gpo-mag,Web,,,,15600,96000,,pas de tarif,pas de tarif
infirmiers::web::300x600-300x250mobile,INFIRMIERS,infirmiers,Web,,,,300000,800000,,pas de tarif,pas de tarif
infirmiers::web::728x90-320x50mobile,INFIRMIERS,infirmiers,Web,,,,300000,800000,,pas de tarif,pas de tarif
investissement-conseils::web::250x250,INVESTISSEMENT CONSEILS,investissement-conseils,Web,,,,39715,56207,,1154,784.72
investissement-conseils::web::1180x145,INVESTISSEMENT CONSEILS,investissement-conseils,Web,,,,39715,56207,,1523,1035.64
it-for-business::web::970x90-300x600-300x250mobile,IT FOR BUSINESS,it-for-business,Web,,,,100000,354000,,pas de tarif,pas de tarif
j2r::web::300x600-300x250mobile,J2R,j2r,Web,,,,28000,80000,,3000,2040
j2r::web::1000x150,J2R,j2r,Web,,,,28000,80000,,2500,1700
journal-des-entreprises::web::728x90floorad-300x600-300x250mobile,JOURNAL DES ENTREPRISES,journal-des-entreprises,Web,,,,115000,180000,,pas de tarif,pas de tarif
journal-des-maires::web::728x90-300x250mobile,JOURNAL DES MAIRES,journal-des-maires,Web,,,,9000,14000,,2200,1496
journal-du-pneumatique::web::300x600-300x250mobile,JOURNAL DU PNEUMATIQUE,journal-du-pneumatique,Web,,,,10500,18000,,3000,2040
journal-du-pneumatique::web::1000x150,JOURNAL DU PNEUMATIQUE,journal-du-pneumatique,Web,,,,10500,18000,,2500,1700
kine-actualite::web::250x250,KINE ACTUALITE,kine-actualite,Web,,,,9000,17000,,1785,1213.8
l-eclaireur-des-coiffeur::web::250x250,L'ECLAIREUR DES COIFFEURS,l-eclaireur-des-coiffeur,Web,,,,21500,43700,,3600,2448
l-eclaireur-des-coiffeur::web::990x180,L'ECLAIREUR DES COIFFEURS,l-eclaireur-des-coiffeur,Web,,,,21500,43700,,6700,4556
l-express::web::970x250-300x600-300x250mobile,L'EXPRESS,l-express,Web,,,,10000000,16000000,,pas de tarif,pas de tarif
l-hotellerie-restauration::web::620x90-360x60mobile,L'HOTELLERIE RESTAURATION,l-hotellerie-restauration,Web,,,,617500,2860000,,pas de tarif,pas de tarif
l-informaticien::web::729x90-300x600,L'INFORMATICIEN,l-informaticien,Web,,,,30000,86000,,pas de tarif,pas de tarif
l-information-dentaire::web::300x600-300x250mobile,L'INFORMATION DENTAIRE,l-information-dentaire,Web,,,,70000,130000,,3475,2363
l-information-dentaire::web::1160x90-320x50mobile,L'INFORMATION DENTAIRE,l-information-dentaire,Web,,,,70000,130000,,3475,2363
l-officiel-des-transporteurs::web::300x600-300x250mobile,L'OFFICIEL DES TRANSPORTEURS,l-officiel-des-transporteurs,Web,,,,70000,145000,,6154,4184.72
l-officiel-des-transporteurs::web::1000x90,L'OFFICIEL DES TRANSPORTEURS,l-officiel-des-transporteurs,Web,,,,70000,145000,,6462,4394.16
l-opinion::web::1000x200-300x600-300x250mobile,L'OPINION,l-opinion,Web,,,,1400000,2100000,,pas de tarif,pas de tarif
l-opticien-lunetier::web::300x250,L'OPTICIEN LUNETIER,l-opticien-lunetier,Web,,,,11800,25000,,2000,1360
l-opticien-lunetier::web::728x90,L'OPTICIEN LUNETIER,l-opticien-lunetier,Web,,,,11800,25000,,2500,1700
la-classe-fiche-pedagogiques::web::300x600-300x250mobile,LA CLASSE + FICHE PEDAGOGIQUES,la-classe-fiche-pedagogiques,Web,,,,61000,145000,,1800,1224
la-france-agricole::web::300x600,LA FRANCE AGRICOLE,la-france-agricole,Web,,,,370000,750000,,pas de tarif,pas de tarif
la-france-agricole::web::728x90-300x250,LA FRANCE AGRICOLE,la-france-agricole,Web,,,,370000,750000,,pas de tarif,pas de tarif
la-meteo-agricole::web::728x90-300x600,LA METEO AGRICOLE,la-meteo-agricole,Web,,,,5900000,12000000,,pas de tarif,pas de tarif
la-profession-comptable::web::236x472,LA PROFESSION COMPTABLE,la-profession-comptable,Web,,,,5000,9200,,1231,837.08
la-profession-comptable::web::728x91,LA PROFESSION COMPTABLE,la-profession-comptable,Web,,,,5000,9200,,2462,1674.16
la-revue-pratique-du-froid-et-du-conditionnement-d-air-la-rpf::web::300x250,LA REVUE PRATIQUE DU FROID ET DU CONDITIONNEMENT D'AIR (LA RPF),la-revue-pratique-du-froid-et-du-conditionnement-d-air-la-rpf,Web,,,,7100,17000,,1677,1140.36
la-revue-pratique-du-froid-et-du-conditionnement-d-air-la-rpf::web::728x90,LA REVUE PRATIQUE DU FROID ET DU CONDITIONNEMENT D'AIR (LA RPF),la-revue-pratique-du-froid-et-du-conditionnement-d-air-la-rpf,Web,,,,7100,17000,,1326,901.68
la-toque-magazine::web::300x600-300x250mobile,LA TOQUE MAGAZINE,la-toque-magazine,Web,,,,20000,38000,,2000,1360
la-toque-magazine::web::1000x90-320x120,LA TOQUE MAGAZINE,la-toque-magazine,Web,,,,20000,38000,,2400,1632
la-tribune-de-l-assurance::web::300x250,LA TRIBUNE DE L'ASSURANCE,la-tribune-de-l-assurance,Web,,,,27000,50000,,7645,5198.6
la-tribune-de-l-assurance::web::970x250,LA TRIBUNE DE L'ASSURANCE,la-tribune-de-l-assurance,Web,,,,27000,50000,,10425,7089
la-tribune-des-auto-ecoles::web::322x322,LA TRIBUNE DES AUTO-ECOLES,la-tribune-des-auto-ecoles,Web,,,,9000,20000,,1765,1200.2
la-tribune-des-auto-ecoles::web::730x90,LA TRIBUNE DES AUTO-ECOLES,la-tribune-des-auto-ecoles,Web,,,,9000,20000,,3235,2199.8
la-tribune::web::728x90-300x600-300x250mobile,LA TRIBUNE,la-tribune,Web,,,,2800000,4500000,,pas de tarif,pas de tarif
le-blog-du-dirigeant::web::728x90floorad-300x600-300x250mobile,LE BLOG DU DIRIGEANT,le-blog-du-dirigeant,Web,,,,170000,230000,,pas de tarif,pas de tarif
le-courrier-du-meuble-et-de-l-habitat::web::728x90,LE COURRIER DU MEUBLE ET DE L'HABITAT,le-courrier-du-meuble-et-de-l-habitat,Web,,,,11800,25000,,2692,1830.56
le-journal-de-l-automobile::web::300x600-300x250mobile,LE JOURNAL DE L'AUTOMOBILE,le-journal-de-l-automobile,Web,,,,250000,420000,,3000,2040
le-journal-de-l-automobile::web::1000x150,LE JOURNAL DE L'AUTOMOBILE,le-journal-de-l-automobile,Web,,,,250000,420000,,2500,1700
le-journal-des-flottes::web::300x600-300x250mobile,LE JOURNAL DES FLOTTES,le-journal-des-flottes,Web,,,,60000,110000,,3000,2040
le-journal-des-flottes::web::1000x150,LE JOURNAL DES FLOTTES,le-journal-des-flottes,Web,,,,60000,110000,,2500,1700
le-media-social::web::728x90-300x250,LE MEDIA SOCIAL,le-media-social,Web,,,,75000,110000,,3600,2448
le-moniteur-des-pharmacies::web::300x600,LE MONITEUR DES PHARMACIES,le-moniteur-des-pharmacies,Web,,,,310000,754000,,pas de tarif,pas de tarif
le-moniteur-des-pharmacies::web::728x90-320x50mobile,LE MONITEUR DES PHARMACIES,le-moniteur-des-pharmacies,Web,,,,310000,754000,,pas de tarif,pas de tarif
le-nouvel-economiste::web::300x250,LE NOUVEL ECONOMISTE,le-nouvel-economiste,Web,,,,70000,120000,,3600,2448
le-nouvel-economiste::web::820x250,LE NOUVEL ECONOMISTE,le-nouvel-economiste,Web,,,,70000,120000,,4400,2992
le-papetier-de-france::web::300x250,LE PAPETIER DE FRANCE,le-papetier-de-france,Web,,,,7000,12000,,2067,1405.56
le-papetier-de-france::web::728x90,LE PAPETIER DE FRANCE,le-papetier-de-france,Web,,,,7000,12000,,1885,1281.8
le-point-veterinaire::web::300x250,LE POINT VETERINAIRE,le-point-veterinaire,Web,,,,155000,220000,,pas de tarif,pas de tarif
le-point-veterinaire::web::980x90,LE POINT VETERINAIRE,le-point-veterinaire,Web,,,,155000,220000,,pas de tarif,pas de tarif
le-quotidien-du-medecin-ethique::web::300x600,LE QUOTIDIEN DU MEDECIN (ETHIQUE),le-quotidien-du-medecin-ethique,Web,,,,700000,1800000,,pas de tarif,pas de tarif
le-quotidien-du-medecin-ethique::web::728x90-320x50-300x250,LE QUOTIDIEN DU MEDECIN (ETHIQUE),le-quotidien-du-medecin-ethique,Web,,,,700000,1800000,,pas de tarif,pas de tarif
le-quotidien-du-medecin-non-ethique::web::300x600,LE QUOTIDIEN DU MEDECIN (NON ETHIQUE),le-quotidien-du-medecin-non-ethique,Web,,,,700000,1800000,,pas de tarif,pas de tarif
le-quotidien-du-medecin-non-ethique::web::728x90-320x50-300x250,LE QUOTIDIEN DU MEDECIN (NON ETHIQUE),le-quotidien-du-medecin-non-ethique,Web,,,,700000,1800000,,pas de tarif,pas de tarif
le-quotidien-du-pharmacien::web::728x90-320x50mobile,LE QUOTIDIEN DU PHARMACIEN,le-quotidien-du-pharmacien,Web,,,,80000,185000,,12000,8160
les-nouvelles-esthetiques::web::300x250,LES NOUVELLES ESTHETIQUES,les-nouvelles-esthetiques,Web,,,,7000,10000,,880,598.4
lineaires::web::300x250,LINEAIRES,lineaires,Web,,,,105000,200000,,2760,1876.8
lineaires::web::728x90-320x50mobile,LINEAIRES,lineaires,Web,,,,105000,200000,,4370,2971.6
livres-hebdo::web::300x600-300x250mobile,LIVRES HEBDO,livres-hebdo,Web,,,,300000,450000,,pas de tarif,pas de tarif
maires-de-france::web::350x290,MAIRES DE FRANCE,maires-de-france,Web,,,,175000,584000,,6000,4080
maires-de-france::web::728x120,MAIRES DE FRANCE,maires-de-france,Web,,,,175000,584000,,6800,4624
maires-de-france::web::920x120,MAIRES DE FRANCE,maires-de-france,Web,,,,175000,584000,,7200,4896
maisons-et-travaux-pro::web::1000x90-300x600-300x250mobile,MAISONS ET TRAVAUX PRO,maisons-et-travaux-pro,Web,,,,60000,102000,,pas de tarif,pas de tarif
metal-flash::web::300x250,METAL FLASH,metal-flash,Web,,,,4200,7200,,1560,1060.8
metal-flash::web::728x90,METAL FLASH,metal-flash,Web,,,,4200,7200,,1287,875.16
monde-de-l-epicerie-fine::web::300x250,MONDE DE L'EPICERIE FINE,monde-de-l-epicerie-fine,Web,,,,12000,40000,,1430,972.4
monde-de-l-epicerie-fine::web::728x90,MONDE DE L'EPICERIE FINE,monde-de-l-epicerie-fine,Web,,,,12000,40000,,pas de tarif,pas de tarif
my-rh-line::web::728x90-300x250,MY RH LINE,my-rh-line,Web,,,,32000,42000,,6000,4080
option-finance::web::300x250,OPTION FINANCE,option-finance,Web,,,,80000,130000,,14248,9688.64
option-finance::web::940x250,OPTION FINANCE,option-finance,Web,,,,80000,130000,,20503,13942.04
pack-generation-de-clics-garantis::web::728x90-300x600-300x250-320x50,PACK GENERATION DE CLICS GARANTIS,pack-generation-de-clics-garantis,Web,,,,,,,1500,1020
place-des-commerces::web::728x90floorad-300x600-300x250mobile,PLACE DES COMMERCES,place-des-commerces,Web,,,,102000,475000,,pas de tarif,pas de tarif
points-de-vente::web::300x600,POINTS DE VENTE,points-de-vente,Web,,,,40000,140000,,2800,1904
points-de-vente::web::728x90,POINTS DE VENTE,points-de-vente,Web,,,,40000,140000,,3000,2040
process-alimentaire::web::728x90,PROCESS ALIMENTAIRE,process-alimentaire,Web,,,,55000,130000,,6000,4080
produits-de-la-mer::web::300x250,PRODUITS DE LA MER,produits-de-la-mer,Web,,,,10000,15000,,2190,1489.2
produits-de-la-mer::web::1100x140,PRODUITS DE LA MER,produits-de-la-mer,Web,,,,10000,15000,,2190,1489.2
profession-cgp::web::250x250,PROFESSION CGP,profession-cgp,Web,,,,15000,22000,,750,510
profession-cgp::web::940x90,PROFESSION CGP,profession-cgp,Web,,,,15000,22000,,990,673.2
rayon-boissons::web::300x250,RAYON BOISSONS,rayon-boissons,Web,,,,85200,158300,,4600,3128
rayon-boissons::web::728x90,RAYON BOISSONS,rayon-boissons,Web,,,,85200,158300,,4600,3128
recyclage::web::450x750,RECYCLAGE,recyclage,Web,,,,5000,12000,,8800,5984
recyclage::web::730x100,RECYCLAGE,recyclage,Web,,,,5000,12000,,7200,4896
revue-banque::web::300x600,REVUE BANQUE,revue-banque,Web,,,,32500,96200,,2588,1759.84
revue-banque::web::970x90-320x100mobile,REVUE BANQUE,revue-banque,Web,,,,32500,96200,,2118,1440.24
revue-hospitaliere-de-france::web::300x250,REVUE HOSPITALIERE DE FRANCE,revue-hospitaliere-de-france,Web,,,,1500,7000,,2500,1700
revue-hospitaliere-de-france::web::728x90,REVUE HOSPITALIERE DE FRANCE,revue-hospitaliere-de-france,Web,,,,1500,7000,,1900,1292
ria-la-revue-de-l-industrie-agroalimentaire::web::300x600-320x120,RIA (LA REVUE DE L'INDUSTRIE AGROALIMENTAIRE),ria-la-revue-de-l-industrie-agroalimentaire,Web,,,,33000,69000,,3760,2556.8
ria-la-revue-de-l-industrie-agroalimentaire::web::970x90-320x120,RIA (LA REVUE DE L'INDUSTRIE AGROALIMENTAIRE),ria-la-revue-de-l-industrie-agroalimentaire,Web,,,,33000,69000,,3760,2556.8
rvi::web::360x360,RVI,rvi,Web,,,,2900,6000,,1538,1045.84
rvi::web::728x92,RVI,rvi,Web,,,,2900,6000,,2308,1569.44
score-3::web::1000x90floorad-300x250mobile,SCORE 3,score-3,Web,,,,36000,65000,,pas de tarif,pas de tarif
se-loger-bureaux-commerces::web::300x600-320x50mobile,SE LOGER BUREAUX COMMERCES,se-loger-bureaux-commerces,Web,,,,640000,2500000,,8500,5780
silicon::web::728x90-300x600,SILICON,silicon,Web,,,,65000,110000,,pas de tarif,pas de tarif
snacking::web::360x230,SNACKING,snacking,Web,,,,68000,120000,,950,646
snacking::web::360x460,SNACKING,snacking,Web,,,,68000,120000,,1200,816
snpden::web::680x160,SNPDEN,snpden,Web,,,,65000,117600,,1647,1119.96
societe-com::web::728x90-300x600-300x250mobile,SOCIETE.COM,societe-com,Web,,,,5600000,12500000,,pas de tarif,pas de tarif
sport-strategies::web,SPORT STRATEGIES,sport-strategies,Web,,,,30000,50000,,pas de tarif,pas de tarif
strategie-logistique::web::300x250,STRATEGIE LOGISTIQUE,strategie-logistique,Web,,,,32000,45000,,3294,2239.92
strategie-logistique::web::728x90,STRATEGIE LOGISTIQUE,strategie-logistique,Web,,,,32000,45000,,3529,2399.72
strategies::web::300x600-300x250mobile,STRATEGIES,strategies,Web,,,,120000,170000,,pas de tarif,pas de tarif
strategies::web::728x90,STRATEGIES,strategies,Web,,,,120000,170000,,pas de tarif,pas de tarif
technic-baie::web::300x250,TECHNIC' BAIE,technic-baie,Web,,,,4000,6700,,1560,1060.8
technic-baie::web::728x90,TECHNIC' BAIE,technic-baie,Web,,,,4000,6700,,1287,875.16
techniques-ingenieur::web::728x90footerad-300x250,TECHNIQUES INGENIEUR,techniques-ingenieur,Web,,,,250000,565000,,pas de tarif,pas de tarif
terre-net-france-agricole-web-agri-mat-riel-agricole::web::300x600,TERRE NET + FRANCE AGRICOLE + WEB AGRI + MATERIEL AGRICOLE,terre-net-france-agricole-web-agri-mat-riel-agricole,Web,,,,,,,11750,7990
terre-net-france-agricole-web-agri-mat-riel-agricole::web::728x90-300x250,TERRE NET + FRANCE AGRICOLE + WEB AGRI + MATERIEL AGRICOLE,terre-net-france-agricole-web-agri-mat-riel-agricole,Web,,,,,,,8825,6001
terre-net::web::300x600-300x250mobile,TERRE NET,terre-net,Web,,,,700000,1450000,,pas de tarif,pas de tarif
terre-net::web::728x90-300x250,TERRE NET,terre-net,Web,,,,700000,1450000,,pas de tarif,pas de tarif
tourmag::web::300x150,TOURMAG,tourmag,Web,,,,225000,330000,,10860,7384.8
transport-info::web::300x600-300x250mobile,TRANSPORT INFO,transport-info,Web,,,,225000,300000,,2760,1876.8
transport-info::web::970x90-300x250mobile,TRANSPORT INFO,transport-info,Web,,,,225000,300000,,2400,1632
transport-info::web::970x250-300x250mobile,TRANSPORT INFO,transport-info,Web,,,,225000,300000,,2840,1931.2
univers-habitat::web::300x250,UNIVERS HABITAT,univers-habitat,Web,,,,20000,38000,,4706,3200.08
verre-menuiserie-actualites::web::300x600,VERRE & MENUISERIE ACTUALITES,verre-menuiserie-actualites,Web,,,,17200,137000,,1846,1255.28
verre-menuiserie-actualites::web::1000x90,VERRE & MENUISERIE ACTUALITES,verre-menuiserie-actualites,Web,,,,17200,137000,,1538,1045.84
village-justice::web::1160x200-300x600-320x100mobile,VILLAGE-JUSTICE,village-justice,Web,,,,1000000,1800000,,pas de tarif,pas de tarif
village-notaires::web::300x600-320x100mobile,VILLAGE-NOTAIRES,village-notaires,Web,,,,7000,35000,,1250,850
village-notaires::web::728x90-320x100mobile,VILLAGE-NOTAIRES,village-notaires,Web,,,,7000,35000,,1250,850
weka::web::728x90-300x600-300x250mobile,WEKA,weka,Web,,,,165000,300000,,pas de tarif,pas de tarif
abcdent-pro::nl,ABCDENT.PRO,abcdent-pro,NL,,,,,,4,652,443.36
acteurs-publics::nl,ACTEURS PUBLICS,acteurs-publics,NL,,,,,,1,1590,1081.2
action-co::nl,ACTION CO,action-co,NL,,,,,,1,725,493
agefi::nl,AGEFI,agefi,NL,,,,,,1,2800,1904
app-ines::nl,APP'INES,app-ines,NL,,,,,,1,540,367.2
architecture-a-vivre::nl,ARCHITECTURES A VIVRE,architecture-a-vivre,NL,,,,,,1,1600,1088
au-coeur-du-chr::nl,AU COEUR DU CHR,au-coeur-du-chr,NL,,,,,,2,1990,1353.2
batiactu::nl,BATIACTU,batiactu,NL,,,,,,1,3995,2716.6
batirama::nl,BATIRAMA,batirama,NL,,,,,,3,2500,1700
batiweb::nl,BATIWEB,batiweb,NL,,,,,,1,2500,1700
be-a-boss::nl,BE A BOSS,be-a-boss,NL,,,,,,1,725,493
biblond::nl,BIBLOND,biblond,NL,,,,,,4,2500,1700
caducee::nl,CADUCEE,caducee,NL,,,,,,1,5701,3876.68
chaud-froid-performance::nl,CHAUD FROID PERFORMANCE,chaud-froid-performance,NL,,,,,,1,2800,1904
culture-rh::nl,CULTURE RH,culture-rh,NL,,,,,,1,1267,861.56
d-architecture::nl,D'ARCHITECTURES,d-architecture,NL,,,,,,1,2715,1846.2
daf-mag::nl,DAF MAG,daf-mag,NL,,,,,,1,905,615.4
decideurs-strategie-finance-et-droit::nl,DECIDEURS STRATEGIE FINANCE ET DROIT,decideurs-strategie-finance-et-droit,NL,,,,,,1,985,669.8
decisions-hpa::nl,DECISIONS HPA,decisions-hpa,NL,,,,,,1,1500,1020
dynamique-mag::nl,DYNAMIQUE MAG,dynamique-mag,NL,,,,,,1,1500,1020
ecommerce-mag::nl,ECOMMERCE MAG,ecommerce-mag,NL,,,,,,1,905,615.4
egora::nl,EGORA,egora,NL,,,,,,,pas de tarif,pas de tarif
electricien-3e-j3e::nl,ELECTRICIEN 3E + J3E,electricien-3e-j3e,NL,,,,,,1,1846,1255.28
entretien-textile::nl,ENTRETIEN TEXTILE,entretien-textile,NL,,,,,,2,2000,1360
environnement-magazine::nl,ENVIRONNEMENT MAGAZINE,environnement-magazine,NL,,,,,,5,6235,4239.8
etancheite-info::nl,ETANCHEITE INFO,etancheite-info,NL,,,,,,1,780,530.4
flottes-automobiles::nl,FLOTTES AUTOMOBILES,flottes-automobiles,NL,,,,,,1,1850,1258
france-routes::nl,FRANCE ROUTES,france-routes,NL,,,,,,,3000,2040
fusacq::nl,FUSACQ,fusacq,NL,,,,,,1,400,272
genie-climatique::nl,GENIE CLIMATIQUE,genie-climatique,NL,,,,,,1,897,609.96
geroscopie::nl,GEROSCOPIE,geroscopie,NL,,,,,,5,2000,1360
gpo-mag::nl,GPO MAG,gpo-mag,NL,,,,,,1,670,455.6
infirmiers::nl,INFIRMIERS,infirmiers,NL,,,,,,1,1800,1224
investissement-conseils::nl,INVESTISSEMENT CONSEILS,investissement-conseils,NL,,,,,,1,1154,784.72
it-for-business::nl,IT FOR BUSINESS,it-for-business,NL,,,,,,1,2500,1700
j2r::nl,J2R,j2r,NL,,,,,,2,3000,2040
journal-des-entreprises::nl,JOURNAL DES ENTREPRISES,journal-des-entreprises,NL,,,,,,5,5000,3400
journal-des-maires::nl,JOURNAL DES MAIRES,journal-des-maires,NL,,,,,,1,2200,1496
kine-actualite::nl,KINE ACTUALITE,kine-actualite,NL,,,,,,1,2500,1700
l-eclaireur-des-coiffeur::nl,L'ECLAIREUR DES COIFFEUR,l-eclaireur-des-coiffeur,NL,,,,,,1,1196,813.28
l-hotellerie-restauration::nl,L'HOTELLERIE RESTAURATION,l-hotellerie-restauration,NL,,,,,,1,1200,816
l-informaticien::nl,L'INFORMATICIEN,l-informaticien,NL,,,,,,1,1529,1039.72
l-information-dentaire::nl,L'INFORMATION DENTAIRE,l-information-dentaire,NL,,,,,,1,1700,1156
l-officiel-des-transporteurs::nl,L'OFFICIEL DES TRANSPORTEURS,l-officiel-des-transporteurs,NL,,,,,,1,4000,2720
l-opinion::nl,L'OPINION,l-opinion,NL,,,,,,3,5384,pas de tarif
l-opticien-lunetier::nl,L'OPTICIEN LUNETIER,l-opticien-lunetier,NL,,,,,,1,3500,2380
la-classe-fiche-pedagogiques::nl,LA CLASSE + FICHE PEDAGOGIQUES,la-classe-fiche-pedagogiques,NL,,,,,,1,1538,1045.84
la-france-agricole::nl,LA FRANCE AGRICOLE,la-france-agricole,NL,,,,,,1,750,510
la-profession-comptable::nl,LA PROFESSION COMPTABLE,la-profession-comptable,NL,,,,,,1,915,622.2
la-revue-pratique-du-froid-et-du-conditionnement-d-air-la-rpf::nl,LA REVUE PRATIQUE DU FROID ET DU CONDITIONNEMENT D'AIR (LA RPF),la-revue-pratique-du-froid-et-du-conditionnement-d-air-la-rpf,NL,,,,,,1,637,433.16
la-toque-magazine::nl,LA TOQUE MAGAZINE,la-toque-magazine,NL,,,,,,1,1800,1224
la-tribune-de-l-assurance::nl,LA TRIBUNE DE L'ASSURANCE,la-tribune-de-l-assurance,NL,,,,,,5,3950,2686
la-tribune-des-auto-ecoles::nl,LA TRIBUNE DES AUTO-ECOLES,la-tribune-des-auto-ecoles,NL,,,,,,1,920,625.6
la-tribune::nl,LA TRIBUNE,la-tribune,NL,,,,,,1,3100,2108
le-blog-du-dirigeant::nl,LE BLOG DU DIRIGEANT,le-blog-du-dirigeant,NL,,,,,,1,1000,680
le-courrier-du-meuble-et-de-l-habitat::nl,LE COURRIER DU MEUBLE ET DE L'HABITAT,le-courrier-du-meuble-et-de-l-habitat,NL,,,,,,1,1231,837.08
le-journal-de-l-automobile::nl,LE JOURNAL DE L'AUTOMOBILE,le-journal-de-l-automobile,NL,,,,,,5,4000,2720
le-journal-des-flottes::nl,LE JOURNAL DES FLOTTES,le-journal-des-flottes,NL,,,,,,1,5000,3400
le-moniteur-des-pharmacies::nl,LE MONITEUR DES PHARMACIES,le-moniteur-des-pharmacies,NL,,,,,,1,2200,1496
le-nouvel-economiste::nl,LE NOUVEL ECONOMISTE,le-nouvel-economiste,NL,,,,,,1,3125,2125
le-papetier-de-france::nl,LE PAPETIER DE FRANCE,le-papetier-de-france,NL,,,,,,1,897,609.96
le-point-veterinaire::nl,LE POINT VETERINAIRE,le-point-veterinaire,NL,,,,,,4,2950,2006
le-quotidien-du-medecin-ethique::nl,LE QUOTIDIEN DU MEDECIN (ETHIQUE),le-quotidien-du-medecin-ethique,NL,,,,,,1,3200,2176
le-quotidien-du-pharmacien::nl,LE QUOTIDIEN DU PHARMACIEN,le-quotidien-du-pharmacien,NL,,,,,,1,1600,1088
lineaires::nl,LINEAIRES,lineaires,NL,,,,,,1,1495,1016.6
livres-hebdo::nl,LIVRES HEBDO,livres-hebdo,NL,,,,,,5,3500,2380
maisons-et-travaux-pro::nl,MAISONS ET TRAVAUX PRO,maisons-et-travaux-pro,NL,,,,,,1,725,493
metal-flash::nl,METAL FLASH,metal-flash,NL,,,,,,1,780,530.4
monde-de-l-epicerie-fine::nl,MONDE DE L'EPICERIE FINE,monde-de-l-epicerie-fine,NL,,,,,,1,1350,918
my-rh-line::nl,MY RH LINE,my-rh-line,NL,,,,,,1,3000,2040
option-finance::nl,OPTION FINANCE,option-finance,NL,,,,,,5,5538,3765.84
points-de-vente::nl,POINTS DE VENTE,points-de-vente,NL,,,,,,4,3500,2380
process-alimentaire::nl,PROCESS ALIMENTAIRE,process-alimentaire,NL,,,,,,2,2560,1740.8
produits-de-la-mer::nl,PRODUITS DE LA MER,produits-de-la-mer,NL,,,,,,1,2190,1489.2
profession-cgp::nl,PROFESSION CGP,profession-cgp,NL,,,,,,1,750,510
rayon-boissons::nl,RAYON BOISSONS,rayon-boissons,NL,,,,,,2,2800,1904
recyclage::nl,RECYCLAGE,recyclage,NL,,,,,,1,2600,1768
revue-banque::nl,REVUE BANQUE,revue-banque,NL,,,,,,1,1300,884
ria-la-revue-de-l-industrie-agroalimentaire::nl,RIA (LA REVUE DE L'INDUSTRIE AGROALIMENTAIRE),ria-la-revue-de-l-industrie-agroalimentaire,NL,,,,,,1,1850,1258
rvi::nl,RVI,rvi,NL,,,,,,1,1500,1020
silicon::nl,SILICON,silicon,NL,,,,,,1,725,493
snacking::nl,SNACKING,snacking,NL,,,,,,1,706,480.08
snpden::nl,SNPDEN,snpden,NL,,,,,,1,1350,918
strategie-logistique::nl,STRATEGIE LOGISTIQUE,strategie-logistique,NL,,,,,,1,700,476
strategies::nl,STRATEGIES,strategies,NL,,,,,,1,1852,1259.36
technic-baie::nl,TECHNIC' BAIE,technic-baie,NL,,,,,,1,780,530.4
techniques-ingenieur::nl,TECHNIQUES INGENIEUR,techniques-ingenieur,NL,,,,,,1,1231,837.08
terre-net-france-agricole-web-agri-mat-riel-agricole::nl,TERRE NET + FRANCE AGRICOLE + WEB AGRI + MATERIEL AGRICOLE,terre-net-france-agricole-web-agri-mat-riel-agricole,NL,,,,,,1,630,428.4
terre-net::nl,TERRE NET,terre-net,NL,,,,,,1,630,428.4
transport-info::nl,TRANSPORT INFO,transport-info,NL,,,,,,1,1900,1292
univers-habitat::nl,UNIVERS HABITAT,univers-habitat,NL,,,,,,1,1231,837.08
verre-menuiserie-actualites::nl,VERRE & MENUISERIE ACTUALITES,verre-menuiserie-actualites,NL,,,,,,1,1059,720.12
village-justice::nl,VILLAGE-JUSTICE,village-justice,NL,,,,,,1,1000,680
village-notaires::nl,VILLAGE-NOTAIRES,village-notaires,NL,,,,,,1,300,204
weka::nl,WEKA,weka,NL,,,,,,1,1100,748
