support,support_slug,categorie,lectorat,canal,NEW_01_Supports_Variants 2
ABCDENT.PRO,abcdent-pro,Dentistes,"Dentistes, chirurgiens dentistes","Web,NL","abcdent-pro::web::728x90-320x50mobile,abcdent-pro::web::300x600-300x250mobile,abcdent-pro::nl"
ACEHF MAGAZINE,acehf-magazine,Restauration collective,"Magazine de l'Association Culinaire des Etablissements Hospitaliers de France. S'adresse au décideurs de la restauration collective en hôpital, maison de retraite, Ehpad",Print,acehf-magazine::print
ACTES PRATIQUES ET INGENIERIE IMMOBILIERE,actes-pratiques-et-ingenierie-immobiliere,Collectivités locales,"Notaires, Avocats, Juristes d'entreprises ou de collectivités territoriales spécialisés dans le droit immobilier et la promotion immobilière",Print,actes-pratiques-et-ingenierie-immobiliere::print
ACTES PRATIQUES ET STRATEGIE PATRIMONIALE,actes-pratiques-et-strategie-patrimoniale,Professionnels de la finance,"Notaires, Etablissements bancaires et financiers, conseils en gestion, avocats, experts-comptables, assurances",Print,actes-pratiques-et-strategie-patrimoniale::print
ACTEURS PUBLICS,acteurs-publics,Collectivités locales,"Administration d'État (48%), Administration territoriale (24%), Administration hospitalière (12%), Élus (4%), Entreprises (4%)","Print,Web,NL","acteurs-publics::print,acteurs-publics::web::1000x90-300x600-300x250mobile,acteurs-publics::nl"
ACTION CO,action-co,Direction commerciale,"Directions commerciales, directions des ventes, directions générales, directions marketing","Print,Web,NL","action-co::print,action-co::web::1000x90-300x600,action-co::nl"
ACTU ENVIRONNEMENT,actu-environnement,Environnement,"Ingénieurs, techniciens, cadres, DG d'entreprises",Print,actu-environnement::print
ACTUALITES HABITAT,actualites-habitat,Immobilier,"Directeurs généraux, techniques et financiers des organismes d'habitat social",Print,actualites-habitat::print
ADMINISTRATION ET INTENDANCE,administration-et-intendance,Education,"Personnel administration générale et de l'intendance, responsables de la restauration scolaire et universitaire, responsables de la maintenance des locaux et des matériels",Print,administration-et-intendance::print
AGEFI,agefi,Professionnels de la finance,"Professionnels de la Finance en banque, assurance, finance","Web,NL","agefi::web::1000x90-300x600-300x250mobile,agefi::nl"
AGEFI ACTIFS,agefi-actifs,Professionnels de la finance,"CGPI, experts comptables, gérants privés, notaires, courtiers, avocats fiscalistes",Print,agefi-actifs::print
AGEFI ALPHA,agefi-alpha,Professionnels de la finance,"Professionnels de la Finance en banque, assurance, finance",Print,agefi-alpha::print
AGENCEUR MAGAZINE,agenceur-magazine,Bâtiment - Artisanat,"Décideurs et professionnels de la filière du bois : négoce distribution, architectes et décorateurs, agenceurs, menuisiers, industriels, meuble, cuisine, ingénieurs et techniciens du bâtiment",Print,agenceur-magazine::print
ALTERNATIVES ECONOMIQUES,alternatives-economiques,Dirigeants de TPE/PME,"Décideurs, cadres supérieurs, dirigeants d'entreprises",Print,alternatives-economiques::print
ANDRH,andrh,Ressources Humaines,DRH adhérents de l'Association Nationale des DRH,Print,andrh::print
ANNALES DE BIOLOGIE CLINIQUE,annales-de-biologie-clinique,Biologistes,Organe officiel de la Société Française de Biologie Clinique. Cible: biologistes de laboratoires d'analyses privés et hospitaliers,Print,annales-de-biologie-clinique::print
APP'INES,app-ines,Kinésithérapie - Sage-femme,Kinésithérapeutes,"Web,NL","app-ines::web::300x600,app-ines::nl"
ARCHITECTURE A VIVRE,architecture-a-vivre,Architecture - Urbanisme,"CSP+, cadres supérieurs ou professions libérales, modernes et urbains, Architectes, architectes d’intérieur et designers","Print,Web,NL","architecture-a-vivre::print,architectures-a-vivre::web::970x70,architectures-a-vivre::web::300x600,architectures-a-vivre::nl"
ARTISANS & BOIS,artisans-bois,Bâtiment - Artisanat,"Menuisiers, charpentiers, ébénistes, parqueteurs, poseurs de bardage, poseurs de terrasses, cuisinistes, couvreurs, agenceurs, décorateurs… Potentiel : + de 150 000 entreprises, + de 500 000 salariés",Print,artisans-bois::print
ARTS&METIERS MAG,arts-metiers-mag,Industrie : technologie,"Anciens élèves de l'Ecole nationale supérieure d'Arts et Métiers: Directeurs industriels, PDG-DG, R&S, RH",Print,arts-metiers-mag::print
AU COEUR DU CHR,au-coeur-du-chr,Hôtellerie-Restauration,"Patrons, gérants et responsables d'établissements, barmen, chefs de cuisine, acheteurs groupe, grossistes, restaurants, brasseries, cafés, bars, bars-tabac, bars à thème, bars d'ambiance","Print,Web,NL","au-coeur-du-chr::print,au-coeur-du-chr::nl,au-coeur-du-chr::web::1800x180-300x180mobile"
AUDIO INFOS,audio-infos,ORL,"Audioprothésistes, les enseignes, les écoles et les étudiants, les fabricants, les laboratoires scientifiques, les médecins ORL",Print,audio-infos::print
AUDIOLOGIE DEMAIN,audiologie-demain,ORL,"professionnels de la filière auditive (audioprothésistes, ORL, orthophonistes...)",Print,audiologie-demain::print
AUDIOLOGY FRANCE,audiology-france,ORL,"Médecins ORL, libéraux et hospitaliers",Print,audiology-france::print
AUTOCAR ET BUS INFOS,autocar-et-bus-infos,Industrie : Transport logistique,"Chefs d'entreprises de transport de voyageurs en autocar et en autobus, conducteurs d'autocars.",Print,autocar-et-bus-infos::print
BARDAGE INFO,bardage-info,Bâtiment - Artisanat,"Architectes, Economistes, entreprises certifiées Qualibar, Offices publics de l'habitat (HLM), maîtres d'œuvre, experts bâtiments, directeurs techniques, bureaux d'études, entreprises adhérentes à la CSFE, maîtres d'ouvrage, contrôleurs techniques, lycées/écoles",Print,bardage-info::print
BATIACTU,batiactu,Bâtiment - Artisanat,"Entreprises du bâtiment et travaux publics, architectes, bureaux d’études, maîtres d’ouvrages privés et publics, promoteurs, collectivités locales/territoriales, pouvoirs publics, fédérations","Print,Web,NL","batiactu::print,batiactu::web::728x90-300x600-300x250mobile,batiactu::nl"
BATIMENT ENTRETIEN,batiment-entretien,Bâtiment - Artisanat,"51% entreprises de nettoyage, 15% collectivités, 14% hôpitaux, cliniques et maisons de retraite, 14% industrie agro-alimentaire, 6% autres (hôtels, restauration, bureaux, fabricants et distributeurs)",Print,batiment-entretien::print
BATIMETIERS,batimetiers,Bâtiment - Artisanat,"Magazine de la Fédération française du Bâtiment, lectorat: 40% gros œuvre, structure, 20% équipements techniques, 20% enveloppe, 20% aménagement, finitions",Print,batimetiers::print
BATIRAMA,batirama,Bâtiment - Artisanat,"Entreprises du bâtiment, architectes, bureaux d'études, techniques, maitres d'ouvrage","Web,NL","batirama::web::728x90floorad-300x600-300x250mobile,batirama::nl"
BATIWEB,batiweb,Bâtiment - Artisanat,Professionnels du bâtiment et des travaux publics,"Web,NL","batiweb::web::1000x90-300x250,batiweb::nl"
BE A BOSS,be-a-boss,Dirigeants de TPE/PME,Directions générales de PME,"Print,Web,NL","be-a-boss::print,be-a-boss::web::1000x90-300x600-300x250mobile,be-a-boss::nl"
BEAUTY FORUM,beauty-forum,Esthétique,Professionnels de la beauté,Print,beauty-forum::print
BETTERAVIER FRANÇAIS,betteravier-fran-ais,Culture,Agriculteurs de la filière betterave-sucre,Print,betteravier-fran-ais::print
BIBLOND,biblond,Coiffure,Professionnels de la coiffure,"Print,Web,NL","biblond::print,biblond::web::728x90,biblond::web::300x600-300x250mobile,biblond::nl"
BIOFIL,biofil,Agriculture,Agriculteurs bios,Print,biofil::print
BIOLOGISTE INFOS,biologiste-infos,Biologistes,"Laboratoires d'analyse, biologistes et prescripteurs.",Print,biologiste-infos::print
BOIS +,bois,Industrie : technologie,Bricoleurs désireux de se lancer dans la fabrication de mobilier et objets,Print,bois::print
BOIS MAG,bois-mag,Industrie : technologie,"Décideurs et professionnels de la filière du bois : constructions sèches, artisans, cadres et ingénieurs, négoce et distribution, exploitants forestiers, techniciens du bâtiment",Print,bois-mag::print
Tendance restauration,tendance-restauration,Hôtellerie-Restauration,"C.H.R. de plus de 3 salariés (restaurants, hôtels, brasseries, bars à vins, bistrots, restaurants à thème indépendants et de chaîne) ; bars de nuit, bars à ambiance musicale et discothèques.",Print,tendances-restauration::print
BTP MAGAZINE,btp-magazine,Bâtiment - Artisanat,"Constructeurs, entreprises de bâtiment, travaux publics, loueurs, distributeurs de matériels, entreprises travaux EDF, GDF, PTT, génie civil, carrières, D.D.E., démolisseurs, maîtres d' œuvre et maîtres d'ouvrage.",Print,btp-magazine::print
C'EST A VOUS!,c-est-a-vous,Dirigeants de TPE/PME,Entreprises adhérentes du MEDEF,Print,c-est-a-vous::print
CAD MAGAZINE,cad-magazine,Robotique,"Cadres des bureaux d'études des secteurs mécanique générale, auto, aérospatial, transport (ingénieurs, techniciens, designers, directeurs, chefs de services, chefs de projets)",Print,cad-magazine::print
CADUCEE,caducee,Médecins Généralistes,Médecins généralistes et spécialistes,"Web,NL","caducee::web::728x90floorad-300x600-300x250mobile,caducee::nl"
CAHIERS DE NUTRITION ET DE DIETETIQUE,cahiers-de-nutrition-et-de-dietetique,Nutrition,Nutritionnistes et diététiciens,Print,cahiers-de-nutrition-et-de-dietetique::print
CAHIERS DU TOURISME ET DU FLEURISSEMENT,cahiers-du-tourisme-et-du-fleurissement,Collectivités locales,"Collectivités (villes et villages fleuris, services espaces verts)",Print,cahiers-du-tourisme-et-du-fleurissement::print
CAPS INFOS,caps-infos,Alimentation,"Patrons de commerces spécialisés fruits et légumes, alimentations générales, épiceries fines, franchisés, grandes surfaces frais, chambres du commerce, collectivités locales",Print,caps-infos::print
CARDIOLOGIE PRATIQUE,cardiologie-pratique,Cardiologie,Cardiologues,Print,cardiologie-pratique::print
CARRIERES JURIDIQUES,carrieres-juridiques,Professionnels du droit,"Site dédié à l'emploi, la communication, la formation et l'actualité juridique",Web,carrieres-juridiques::web::728x90-300x600
CARROSSERIE,carrosserie,Garagistes,"57% carrossiers, 19% transporteurs, 19% concessionnaires de marques, 5% carrossiers industriels.",Print,carrosserie::print
CAVISTES ET E-COMMERCE,cavistes-et-e-commerce,Alimentation,"Revendeurs de vins, champagne et spiritueux (cavistes, épiceries fines, vépécistes, sites e-commerce)",Print,cavistes-et-e-commerce::print
CB NEWS,cb-news,"Communication, Publicité","Annonceurs, agences de communication, agences de publicités, agences médias, régies publicitaires, médias",Print,cb-news::print
CEM (CONTROLES ESSAIS MESURES),cem-controles-essais-mesures,Industrie : technologie,"Professionnels de la métrologie, des essais non destructifs, de la tomographie, de l'optique-photonique et de l'instrumentation",Print,cem-controles-essais-mesures::print
CENTRES AQUATIQUES,centres-aquatiques,Collectivités locales,Collectivités (piscines publiques),Print,centres-aquatiques::print
CERVEAU & PSYCHO,cerveau-psycho,Psychologues,"Psychologues, orthophonistes",Print,cerveau-psycho::print
CHALLENGES,challenges,Dirigeants de TPE/PME,"Chefs d'entreprise, top managers, décideurs en entreprise",Web,challenges::web::1000x90-300x600-300x250mobile
CHANTIERS DE FRANCE,chantiers-de-france,Travaux publics,"Entreprises B.T.P. (terrassement, génie civil, carrières), directions de l'équipement, conseil généraux, services techniques des villes, constructeurs de matériels, concessionnaires de matériels pour le BTP",Print,chantiers-de-france::print
CHARCUTERIE & GASTRONOMIE,charcuterie-gastronomie,Boucherie Charcuterie,"Charcutiers, Charcutiers-Traiteurs (en boutique et sur les marchés), Traiteurs événementiels, Formateurs et Apprentis",Print,charcuterie-gastronomie::print
CHAUD FROID PERFORMANCE,chaud-froid-performance,Bâtiment - Artisanat,"Prescripteurs, concepteurs et entreprises d'installation dans les secteurs : Chauffage, ventilation, climatisation, régulation, énergies renouvelables, plomberie","Print,Web,NL","chaud-froid-performance::print,chaud-froid-performance::web::728x90,chaud-froid-performance::web::300x250,chaud-froid-performance::nl"
CHOCOLAT CONFISERIE ET GLACE MAGAZINE,chocolat-confiserie-et-glace-magazine,Boulangerie Pâtisserie,Chocolatiers confiseurs spécialistes : 80% ;  pâtissiers confiseurs glacier : 10% ; boulangers pâtissiers : 10%,Print,chocolat-confiserie-et-glace-magazine::print
COMPTA FACILE,compta-facile,Professionnels de la finance,Chefs d'entreprises et Comptables,Web,compta-facile::web::728x90-300x600-300x250mobile
COMPTA ONLINE,compta-online,Professionnels de la finance,Experts Comptables,Web,compta-online::web::1000x200-300x600-300x250mobile
CONQUERIR,conquerir,Dirigeants de TPE/PME,Dirigeants de PME-PMI,Print,conquerir::print
CONSTRUCTION URBANISME,construction-urbanisme,Immobilier,"Avocats, Notaires, Juristes d'entreprise spécialisés dans le droit immobilier, Juristes de collectivités territoriales, Spécialistes de l'urbanisme, Syndicats professionnels",Print,construction-urbanisme::print
COPROPRIETE & TRAVAUX,copropriete-travaux,Immobilier,"Présidents et représentants des copropriétés, syndics, entreprises de mise en œuvre, copropriétaires",Print,copropriete-travaux::print
COSMETIQUE MAGAZINE,cosmetique-magazine,Industrie : cosmétique,"45% distribution, 32% prestataires, 23% marques",Print,cosmetique-magazine::print
CULTURE LEGUMIERE,culture-legumiere,Culture,Maraîchers,Print,culture-legumiere::print
CULTURE RH,culture-rh,Ressources Humaines,Professionnels des RH,"Web,NL","culture-rh::web::300x600,culture-rh::web::1100x250,culture-rh::nl"
CULTURES MARINES,cultures-marines,Industrie : Alimentation,Professionnels de la conchyculture,Print,cultures-marines::print
D'ARCHITECTURE,d-architecture,Architecture - Urbanisme,"73% maîtres d'œuvre, architectes, architectes d'intérieur, bureaux d'études, urbanistes et paysagistes, 8% étudiants et enseignants, 6% Maîtres d'ouvrage, 13% institutions","Print,Web,NL","d-architecture::print,d-architectures::web::728x90-250x250mobile,d-architectures::nl"
D.O ACTUALITES,d-o-actualites,Professionnels de la finance,"Experts-comptables, conseils en gestion, directeurs juridiques, DAF",Print,d-o-actualites::print
DAF MAG,daf-mag,Professionnels de la finance,"82% Décideurs Financiers (DAF, RAF, CFO…) et 18% Autres (Experts-comptables, consultants…)","Print,Web,NL","daf-mag::print,daf-mag::web::1000x90-300x600-300x250mobile,daf-mag::nl"
DECIDEURS MAGAZINE,decideurs-magazine,Dirigeants de TPE/PME,"30% cadres dirigeants et services généraux, 30% conseil (RH, marketing, droit), 25% dirigeants d'entreprise, 12% banques / finance / fonds d'investissement, 3% institutionnels et élus",Print,decideurs-magazine::print
DECIDEURS STRATEGIE FINANCE ET DROIT,decideurs-strategie-finance-et-droit,Dirigeants de TPE/PME,"Dirigeants d'entreprises, conseil et droit, directeurs juridiques et fiscaux","Web,NL","decideurs-strategie-finance-et-droit::web::1002x128floorad-300x600-300x250mobile,decideurs-strategie-finance-et-droit::nl"
DECISION  ACHATS,decision-achats,Direction Achat,"Directeurs achats, responsables services généraux, PDG/DG",Print,decision-achats::print
DECISIONS HPA,decisions-hpa,Tourisme,Décideurs de l'hôtellerie de plein air,"Print,Web,NL","decisions-hpa::print,decisions-hpa::web::300x250,decisions-hpa::web::728x90floorad,decisions-hpa::nl"
DEFRENOIS,defrenois,Notaires,Notaires,Print,defrenois::print
DENTAIRE 365,dentaire-365,Dentistes,Chirurgiens-dentistes,Print,dentaire-365::print
DENTAIRE 365 ORTHODONTIE,dentaire-365-orthodontie,Dentistes,Chirurgiens-dentistes,Print,dentaire-365-orthodontie::print
DERMATO MAG,dermato-mag,Dermatologie,Revue de la Fédération française de Formation Continue et d'Evaluation en Dermatologie Vénéréologie. Cible: dermatologues libéraux et mixtes,Print,dermato-mag::print
DERMATOLOGIE PRATIQUE,dermatologie-pratique,Dermatologie,"Dermatologues Libéraux et Hospitaliers, Médecins Généralistes à tendance dermatologie",Print,dermatologie-pratique::print
DESTINATION CLIMAT,destination-climat,Environnement,"Chefs d'entreprise, cadres supérieurs, salariés de la fonction publique",Print,destination-climat::print
DEVELOPPEZ,developpez,Direction informatique,"Développeurs, ingénieurs IT, chefs de projets, DevOps, DI, DSI",Web,developpez::web::729x90-300x600
DIABETE ET OBESITE,diabete-et-obesite,Endocrinologie - Diabétologie,"Diabétologues, endocrinologues",Print,diabete-et-obesite::print
DIABETOLOGIE PRATIQUE,diabetologie-pratique,Endocrinologie - Diabétologie,"Diabète, medecine",Print,diabetologie-pratique::print
DIRECTION,direction,Education,"Magazine édité par le SNPDEN. Proviseurs, proviseurs adjoints, Principaux, Principaux adjoints",Print,direction::print
DIRECTION(S),direction-s,Social,"Etablissements et services pour personnes âgées, Etablissements et services pour adultes handicapés, Etablissements et services pour l'enfance et la jeunesse handicapée","Print,Web","direction-s::print,direction-s::web::300x250,direction-s::web::728x90"
DROIT DE LA FAMILLE,droit-de-la-famille,Professionnels du droit,"Avocats, Notaires, Professeurs, Juristes d'associations et fondations, administrations",Print,droit-de-la-famille::print
DROIT & PATRIMOINE,droit-patrimoine,Professionnels du droit,"Universitaire, notaires, avocats, juriste d'entreprise, gestionnaires de patrimoine…",Print,droit-patrimoine::print
DROIT PENAL,droit-penal,Professionnels du droit,"Avocats, Avocats aux conseils, Magistrats, Professeurs, Juristes d'organisations professionnelles",Print,droit-penal::print
DYNAMIQUE ENTREPRENEURIALE,dynamique-entrepreneuriale,Dirigeants de TPE/PME,Dirigeants de TPE et entrepreneurs,Print,dynamique-entrepreneuriale::print
DYNAMIQUE MAG,dynamique-mag,Dirigeants de TPE/PME,Dirigeants de TPE/PME et créateurs,"Web,NL","dynamique-mag::web::728x90floorad-300x600-300x250mobile,dynamique-mag::nl"
ECO RESEAU,eco-reseau,Dirigeants de TPE/PME,"Dirigeant d'entreprises (Grandes Entreprises, ETI, PME, PMI, TPE), Hauts responsables, hauts fonctionnaires, cadres dirigeants",Print,eco-reseau::print
ECOMMERCE,ecommerce,"Communication, Publicité","Annonceurs, agences de communication, agences de publicités, agences médias, régies publicitaires, médias",Print,ecommerce::print
ECOMMERCE MAG,ecommerce-mag,"Communication, Publicité",Professionnels du ecommerce,"Web,NL","ecommerce-mag::web::728x90-300x600,ecommerce-mag::nl"
EDUC'MAG,educ-mag,Education,"Enseignants du second degré, chef d'etablissement, gestionnaires, conseillers d'orientation, documentalistes, assistantes sociales, CPE, service du ministre, académies, administration du département et de la région",Print,educ-mag::print
EGORA,egora,Médecins Généralistes,100% Médecins Généralistes libéraux,"Print,Web,NL","egora::print,egora::web::300x600-300x250mobile,egora::web::970x250-320x50mobile,egora::nl"
EGORA (ETHIQUE),egora-ethique,Médecins Généralistes,Médecins généralistes et spécialistes,Web,"egora-ethique::web::728x90-300x250,egora-ethique::web::300x600"
ELECTRICIEN +,electricien,Bâtiment - Artisanat,"Développeurs des nouveaux usages de l'électricité dans le résidentiel et le petit tertiaire, négoce, électriciens",Print,electricien::print
ELECTRICIEN 3E + J3E,electricien-3e-j3e,Bâtiment - Artisanat,"Prescripteurs, installateurs et exploitants d'équipements électriques","Web,NL","electricien-3e-j3e::web::728x90-300x600-300x250mobile,electricien-3e-j3e::nl"
ELECTRONIQUES,electroniques,Télecom/Electronique,"41% Ingénieurs, BE. 29% Chefs de service. 15% PDG/DG. 8% Techniciens. 5% Achats. 2% Autres",Print,electroniques::print
EMARKETING,emarketing,"Communication, Publicité","Annonceurs, agences de communication, agences de publicités, agences médias, régies publicitaires, médias",Print,emarketing::print
ENERGIE PLUS,energie-plus,Energies,"Bureaux d'études, conseils, audits énergétiques, fournisseurs d'équipement, vendeurs d'énergie, fournisseurs de services énergétiques",Print,energie-plus::print
ENTREPRENDRE,entreprendre,Dirigeants de TPE/PME,"Cadres dirigeants, décideurs et entrepreneurs",Print,entreprendre::print
ENTREPRENEURS DES TERRITOIRES,entrepreneurs-des-territoires,Agriculture,"Entreprises de travaux agricoles, forestiers et ruraux",Print,entrepreneurs-des-territoires::print
ENTRETIEN TEXTILE,entretien-textile,Services,"3% loueurs de linge, 20 % blanchisseurs industrielles, 18 % blanchisseries hospitalière, 9% blanchisseries ESAT, 10 % fonction linge (santé, hôtelleries…), 40% Pressings et laveries","Print,Web,NL","entretien-textile::print,entretien-textile::web::200x200,entretien-textile::web::728x90-320x100mobile,entretien-textile::nl"
ENVIES NOMADES,envies-nomades,Hôtellerie-Restauration,"Professionnels des restaurations rapide, italienne et à emporter, de la distribution automatique et du snacking en tout genre.",Print,envies-nomades::print
ENVIRONNEMENT ET RISQUES SANTE,environnement-et-risques-sante,Médecine du Travail,"Médecine du travail, ingénieurs en entreprise, responsables environnement dans les maires et collectivités régionales",Print,environnement-et-risques-sante::print
ENVIRONNEMENT MAGAZINE,environnement-magazine,Environnement,"36% ingénieurs, 30% directeurs, 27% élus","Print,Web,NL","environnement-magazine::print,environnement-magazine::web::970x250,environnement-magazine::nl"
ESPACE PUBLIC & PAYSAGE,espace-public-paysage,Collectivités locales,Collectivités (services techniques et espaces verts),Print,espace-public-paysage::print
ESSOR DE LA GENDARMERIE NATIONALE,essor-de-la-gendarmerie-nationale,Gendarmerie,Gendarmes,Print,essor-de-la-gendarmerie-nationale::print
ESTETICA,estetica,Coiffure,Professionnels de la coiffure,Print,estetica::print
ETANCHEITE.INFO,etancheite-info,Bâtiment - Artisanat,"Professionnels de l'isolation. 35% architectes, 10% bureaux d'études, 10% entreprises certifiées Qualibat, 10% économistes","Print,Web,NL","etancheite-info::web::728x90,etancheite-info::web::300x250,etancheite-info::nl,etancheite-info::print"
EUROPE PARLEMENTAIRE,europe-parlementaire,Politique,"12% dirigeants grande entreprise et direction d'investissement,12% organismes consulaires et socio-économiques; 14% membre des cabinets et DGS; 16% ministres et hauts fonctionnaires; 12% élus locaux; 28% élus nationaux; 5% élus européens francophone; 1% divers",Print,europe-parlementaire::print
EXE,exe,Architecture - Urbanisme,"Architectes et maîtres d'œuvres, agences d'architecture, bureaux d'études, ingénieurs conseils, constructeurs et entrepreneurs",Print,exe::print
EXPRESSION COSMETIQUE,expression-cosmetique,Industrie : cosmétique,Professionnels de l'industrie cosmétique et de la parfumerie,Print,expression-cosmetique::print
EXPRESSIONS PHARMA,expressions-pharma,Pharmaciens,"Pharmaciens titulaires, pharmaciens d'officines, équipes officinales",Print,expressions-pharma::print
FENETRES S/ COURS,fenetres-s-cours,Education,Magazine édité par le SNUIPP. Professeurs des écoles de maternelles et élémentaires,Print,fenetres-s-cours::print
FILIERES AVICOLES,filieres-avicoles,Agriculture,Éleveurs et fournisseurs,Print,filieres-avicoles::print
FLOTTES AUTOMOBILES,flottes-automobiles,Responsables flottes,Gestionnaires de flotte automobile,"Print,Web,NL","flottes-automobiles::print,flottes-automobiles::web::300x600-300x250mobile,flottes-automobiles::web::728x90,flottes-automobiles::nl"
FLUIDES ET TRANSMISSIONS,fluides-et-transmissions,Industrie : technologie,"Décideurs, prescripteurs, acheteurs auprès des entreprises de production, de distribution et de services directement concernées par l'ensemble des techniques et des produits liées à la transmission de puissance",Print,fluides-et-transmissions::print
FRANCE PIZZA,france-pizza,Hôtellerie-Restauration,"Pizzerias, traiteurs italiens, professionnels de la restauration italienne",Print,france-pizza::print
FRANCE ROUTES,france-routes,Artisans transporteurs,"Responsables techniques 12%, Conducteurs 72%, Chefs d'entreprises et artisans transporteurs 16%,","Print,Web,NL","france-routes::print,france-routes::web::1000x90,france-routes::web::300x600-300x250mobile,france-routes::nl"
FROID NEWS,froid-news,Bâtiment - Artisanat,"Froid embarqué et froid stocké, cold chain, logistique urbaine durable et transport, etc",Print,froid-news::print
FUNDS MAGAZINE,funds-magazine,Professionnels de la finance,"Cadres dirigeants des départements Asset Management dans les secteurs banque / assurance, CGPI",Print,funds-magazine::print
FUNERAIRE MAGAZINE,funeraire-magazine,Distribution Spécialisée,"Pompes funèbres - Marbriers - Thanatopracteurs - Services municipaux (cimetière, état civil,...) - Syndicats professionnels - Associations - Centres de formation - Fabricants...",Print,funeraire-magazine::print
FUSACQ,fusacq,Dirigeants de TPE/PME,"40% repreneurs/entrepreneurs, 25% chefs d'entreprises (cédants et acquéreurs), 30 % experts de la reprise - transmission, 5% investisseurs","Web,NL","fusacq::web::728x90floorad-300x600-300x250mobile,fusacq::nl"
GENIE CLIMATIQUE,genie-climatique,Bâtiment - Artisanat,"Installateurs, maîtres d'œuvre, maîtres d'ouvrage, entreprises générales du bâtiment, négoce, distribution, constructeurs, grands utilisateurs industriels et tertiaires","Print,Web,NL","genie-climatique::print,genie-climatique::web::300x600-300x250mobile,genie-climatique::web::728x90,genie-climatique::nl"
GERIATRIE ET PSYCHOLOGIE NEUROPSYCHIATRIE DU VIEILLISSEMENT,geriatrie-et-psychologie-neuropsychiatrie-du-vieillissement,Gériatrie,"Gérontologues, gériatres, médecins coordinateurs des maisons de retraire",Print,geriatrie-et-psychologie-neuropsychiatrie-du-vieillissement::print
GEROSCOPIE,geroscopie,Gériatrie,"Décideurs en gérontologie : Directeurs de maisons de retraite, personnel d'encadrement, médecins gériatres, infirmières, responsables d'animation.","Print,Web,NL","geroscopie::print,geroscopie::web::263x237,geroscopie::web::728x90,geroscopie::nl"
GESTION DE FORTUNE,gestion-de-fortune,Professionnels de la finance,"Structures de gestion privée, cabinets indépendants, family offices, réseaux d'assurances, sociétés de gestion de portefeuilles, offices notariaux…",Print,gestion-de-fortune::print
GESTIONS HOSPITALIERES,gestions-hospitalieres,Hospitalier - Médecine Interne,"Directeurs d'établissements hospitaliers publics, services économiques, ressources humaines, services de soins infirmiers, directions de la qualité, ingénieurs, systèmes d'information, médecins chefs de service","Print,Web","gestions-hospitalieres::print,gestions-hospitalieres::web::1140x90"
GPO MAG,gpo-mag,Dirigeants de TPE/PME,"43% moyennes entreprises, 39% ETI, 11% petites entreprises, 7% grandes entreprises","Web,NL","gpo-mag::web::728x90floorad,gpo-mag::nl"
GRANDES CUISINES,grandes-cuisines,Distribution Spécialisée,"Installateurs distributeurs de matériel de cuisine professionnelle, concepteurs, bureaux d'études, prescripteurs et directions techniques d'établissements (hôtellerie, restauration) et collectivités, fabricants, importateurs",Print,grandes-cuisines::print
GREEN INNOVATION,green-innovation,Environnement,"27% Décideurs économiques, 21% Décideurs politiques, 34% Ingénieurs et techniciens, 12% Opinion makers",Print,green-innovation::print
GREEN TOUCH,green-touch,Environnement,"35% décideurs économiques, 30% décideurs politiques, 25% directeurs développement durable& energy manager, 10% opinion makers",Print,green-touch::print
GYNECOLOGIE OBSTETRIQUE PRATIQUE,gynecologie-obstetrique-pratique,Gynécologie,"Gynécologues Obstétriciens Libéraux et Hospitaliers, Médecins Généralistes à tendance gynécologie",Print,gynecologie-obstetrique-pratique::print
HEMATOLOGIE,hematologie,Hématologie,"Organe officiel de la Société française d'Hématologie. Cible: hématologues, immunologues, greffeurs, oncologues, biologistes, généticiens",Print,hematologie::print
HEPATO GASTRO ET ONCOLOGIE DIGESTIVE,hepato-gastro-et-oncologie-digestive,Gastroentérologie,"Revue officielle de la Société Nationale française de Gastroentérologie. Cible: gastroentérologues, et hépatologues",Print,hepato-gastro-et-oncologie-digestive::print
HONORE LE MAG,honore-le-mag,Boulangerie Pâtisserie,"Boulangers ""premium"" (artisans et décisionnaires des Réseaux et Franchises), Terminaux de cuisson, Centrales d'achats & Indépendants, Industriels de la BVP, Meuniers, Producteurs de matières premières, Labos GMS, Entreprises de services",Print,honore-le-mag::print
HOSPITALITY ON,hospitality-on,Hôtellerie-Restauration,"Hôteliers, investisseurs, promoteurs, fournisseurs, hôtels et restaurants, organismes financiers, organismes de formation, décideurs et managers du secteur",Print,hospitality-on::print
HYDROGENIUM,hydrogenium,Energies,"12% dirigeants grande entreprise et direction d'investissement,12% organismes consulaires et socio-économiques; 14% membre des cabinets et DGS; 16% ministres et hauts fonctionnaires; 12% élus locaux; 28% élus nationaux; 5% élus européens francophone; 1% divers",Print,hydrogenium::print
HYDROPLUS,hydroplus,Energies,"46% communes, 12% sociétés de distribution, 11% équipements, 9% industries, 9% administrations, 6% ensembliers, 4% ingénierie, 3% centres de recherche",Print,hydroplus::print
IMAGES EN DERMATOLOGIE,images-en-dermatologie,Dermatologie,"Dermatologues, internistes, onco-dermatologues hospitaliers et libéraux, internes",Print,images-en-dermatologie::print
IMAGES EN OPHTALMOLOGIE,images-en-ophtalmologie,Ophtalmologie,Ophtalmologistes libéraux et hospitaliers,Print,images-en-ophtalmologie::print
INDUSTRIES COSMETIQUES,industries-cosmetiques,Industrie : cosmétique,"Professionnels de la cosmétique (production, conception, R&D)",Print,industries-cosmetiques::print
INFFO FORMATION,inffo-formation,Ressources Humaines,"Décideurs et financeurs de la formation, services RH des entreprises, prestataires de formation",Print,inffo-formation::print
INFIRMIERS,infirmiers,Soins Infirmiers,Infirmiers,"Web,NL","infirmiers::web::300x600-300x250mobile,infirmiers::web::728x90-320x50mobile,infirmiers::nl"
INFO CYBER RISQUES,info-cyber-risques,Direction informatique,"Professionnels de la sécurité des systèmes d'information, DSI",Print,info-cyber-risques::print
INFOBUROMAG,infoburomag,Direction achat,"Achat, services généraux, ET, informatique, direction administrative et financière, direction, ergonome, prévention, secrétariat",Print,infoburomag::print
INNOVATION ET THERAPEUTIQUES EN ONCOLOGIE,innovation-et-therapeutiques-en-oncologie,Oncologie,Cancérologues,Print,innovation-et-therapeutiques-en-oncologie::print
INTRAMUROS,intramuros,Architecture - Urbanisme,"Architectes d'intérieur, Architestes, Designers, Agenceurs, Industriels et éditeurs, Promoteurs immobiliers, Ecoles et instituts de formation, Etudiants en design et archi",Print,intramuros::print
INVESTISSEMENT CONSEILS,investissement-conseils,Professionnels de la finance,"CGP, experts comptables, notaires, conseils en investissements financiers, avocats","Print,Web,NL","investissement-conseils::print,investissement-conseils::web::1180x145,investissement-conseils::web::250x250,investissement-conseils::nl"
IT FOR BUSINESS,it-for-business,Direction informatique,"DSI, DAF, Marketing, Logistique, Production, Ressources Humaines","Print,Web,NL","it-for-business::print,it-for-business::web::970x90-300x600-300x250mobile,it-for-business::nl"
J2R,j2r,Garagistes,"Mécaniciens réparateurs agréés (40%), Distributeurs (18%), Agents réparateurs agréés (17%), Centres-autos (11%), Carrossiers (10%), Equipementiers (2%), Groupements (2%)","Print,Web,NL","j2r::print,j2r::web::1000x150,j2r::web::300x600-300x250mobile,j2r::nl"
J3E,j3e,Bâtiment - Artisanat,"Prescripteurs, installateurs et exploitants d'équipements électriques et communicants dans les infrastructures, les bâtiments industriels et tertiaires",Print,j3e::print
JAUTOMATISE,jautomatise,Robotique,"Utilisateurs finaux dans le domaine de l'automatisation, l'industrie, la robotique, la vision-identification, les réseaux de communication et de l'informatique industrielle",Print,jautomatise::print
JOURNAL D'IMAGERIE DIAGNOSTIQUE,journal-d-imagerie-diagnostique,Radiologue,Radiologues,Print,journal-d-imagerie-diagnostique::print
JOURNAL DE CHIRURGIE VISCERALE,journal-de-chirurgie-viscerale,Chirurgie,"Chirurgiens digestifs, chirurgiens généraux et universitaires",Print,journal-de-chirurgie-viscerale::print
JOURNAL DE L'ASSEMBLEE DE LIAISON,journal-de-l-assemblee-de-liaison,Notaires,Notaires de France,Print,journal-de-l-assemblee-de-liaison::print
JOURNAL DE PHARMACIE CLINIQUE,journal-de-pharmacie-clinique,Pharmaciens hospitaliers,"Pharmaciens hospitaliers, professionnels et chercheurs de l'industrie pharmaceutique",Print,journal-de-pharmacie-clinique::print
JOURNAL DES COMMUNES,journal-des-communes,Collectivités locales,"Elus municipaux et communautaires, services centraux et techniques municipaux, services d'Etat",Print,journal-des-communes::print
JOURNAL DES ENTREPRISES,journal-des-entreprises,Dirigeants de TPE/PME,"Décideurs en régions. 43% Direction Générale, 17% Marketing,  10% Commercial, 7% Ressources humaines, 3% Administratif, 3% Service Généraux, 3% Financier","Print,Web,NL","journal-des-entreprises::print,journal-des-entreprises::web::728x90floorad-300x600-300x250mobile,journal-des-entreprises::nl"
JOURNAL DES MAIRES,journal-des-maires,Collectivités locales,"Elus, agents territoriaux et décideurs locaux","Print,Web,NL","journal-des-maires::print,journal-des-maires::web::728x90-300x250mobile,journal-des-maires::nl"
JOURNAL DU PARLEMENT,journal-du-parlement,Politique,"Ministères, députés, sénateurs, conseil économique, social et environnement, conseils régionaux, conseils territoriaux",Print,journal-du-parlement::print
JOURNAL DU PNEUMATIQUE,journal-du-pneumatique,Garagistes,"Manufacturiers, professionnels du rechapage, importateurs, grossistes, négociants spécialistes, acteurs de l'après-vente automobile (centre-auto, fast-fitters, sites internet...), fournisseurs d'équipements, gestionnaires de flottes","Print,Web","journal-du-pneumatique::print,journal-du-pneumatique::web::300x600-300x250mobile,journal-du-pneumatique::web::1000x150"
JOURNAL FRANÇAIS D'OPHTALMOLOGIE,journal-fran-ais-d-ophtalmologie,Ophtalmologie,Ophtalmologistes,Print,journal-fran-ais-d-ophtalmologie::print
JOURNAL MARKET,journal-market,Ameublement,"Tous les professionnels du meuble : fabricants, distributeurs, négociants, centrales d'achats, designers, fournisseurs de l'ameublement, détaillants et représentants",Print,journal-market::print
KINE ACTUALITE,kine-actualite,Kinésithérapie - Sage-femme,Kinésithérapeutes libéraux et hospitaliers,"Print,Web,NL","kine-actualite::web::250x250,kine-actualite::nl,kine-actualite::print"
KINESITHERAPIE LA REVUE,kinesitherapie-la-revue,Kinésithérapie - Sage-femme,Kinesithérapeutes,Print,kinesitherapie-la-revue::print
KINESITHERAPIE SCIENTIFIQUE,kinesitherapie-scientifique,Kinésithérapie - Sage-femme,Kinésithérapeutes,Print,kinesitherapie-scientifique::print
L'ACTIVITE IMMOBILIERE,l-activite-immobiliere,Immobilier,"Administrateurs de biens, gérants d'immeubles, syndics de copropriété, spécialistes de la transaction immobilière, promoteurs immobiliers, experts fonciers, juristes spécialisés",Print,l-activite-immobiliere::print
L'ANTENNE,l-antenne,Industrie : Transport logistique,Professionnels du transport et de la logistique,Print,l-antenne::print
L'ASSMAT,l-assmat,Education,"Assistantes maternelles employées par les particuliers, communes ou associations, Responsables de crèches familiales ou MAM, RAM (Relais assistantes maternelles), Assistantes familiales (familles d'accueil), Collectivités territoriales et associations",Print,l-assmat::print
L'AUTRE CUISINE,l-autre-cuisine,Restauration collective,"Restauration collective en collectivités locales, santé, 3ème âge, entreprises",Print,l-autre-cuisine::print
L'AUVERGNAT DE PARIS,l-auvergnat-de-paris,Hôtellerie-Restauration,"Cafés, brasseries, hôtels, restaurants",Print,l-auvergnat-de-paris::print
L'ECLAIREUR DES COIFFEUR,l-eclaireur-des-coiffeur,Coiffure,Professionnels de la coiffure : indépendants ou franchisés (magazine d'informations professionnelles sociales et juridiques),"Print,Web,NL","l-eclaireur-des-coiffeurs::web::250x250,l-eclaireur-des-coiffeurs::web::990x180,l-eclaireur-des-coiffeur::nl,l-eclaireur-des-coiffeurs::print"
L'ELEVEUR LAPIN,l-eleveur-lapin,Elevage,Eleveurs de lapins,Print,l-eleveur-lapin::print
L'ENSEIGNANT,l-enseignant,Education,"Enseignant de premier et second degré, professeurs documentalistes, les CPE",Print,l-enseignant::print
L'ESSENTIEL,l-essentiel,Vétérinaires,Vétérinaires praticiens et cliniques vétérinaires,Print,l-essentiel::print
L'ESSENTIEL DE L'OPTIQUE,l-essentiel-de-l-optique,Opticiens,"Industriels, managers et décideurs de la filière, Acheteurs des enseignes et des centrales,",Print,l-essentiel-de-l-optique::print
L'EXPRESS,l-express,Dirigeants de TPE/PME,"Chefs d'entreprise, top managers, décideurs en entreprise",Web,l-express::web::970x250-300x600-300x250mobile
L'HEMICYLE,l-hemicyle,Politique,"Elus et hauts fonctionnaires : les parlementaires (députés et sénateurs), les cabinets ministériels et les exécutifs régionaux, départementaux et municipaux (grandes villes & agglomérations) - directions des grandes entreprises, corps intermédiaires, parties prenantes, influenceurs et médias.",Print,l-hemicyle::print
L'HOTELLERIE RESTAURATION,l-hotellerie-restauration,Hôtellerie-Restauration,"Cafetiers, hôteliers, restaurateurs, tabacs","Print,Web,NL","l-hotellerie-restauration::print,l-hotellerie-restauration::web::620x90-360x60mobile,l-hotellerie-restauration::nl"
L'INDUSTRIE HOTELIERE,l-industrie-hoteliere,Hôtellerie-Restauration,"Cafés, bars, restaurateurs, hôteliers, professionnels de la restauration",Print,l-industrie-hoteliere::print
L'INFIRMIERE MAGAZINE,l-infirmiere-magazine,Soins Infirmiers,"Infirmières hospitalières (secteurs public et privé), infirmières extrahospitalières, libérales",Print,l-infirmiere-magazine::print
L'INFORMATICIEN,l-informaticien,Direction informatique,Décideurs IT,Print,l-informaticien::print
L'INFORMATION DENTAIRE,l-information-dentaire,Dentistes,Chirurgiens-dentistes,"Print,Web,NL","l-information-dentaire::print,l-information-dentaire::web::300x600-300x250mobile,l-information-dentaire::web::1160x90-320x50mobile,l-information-dentaire::nl"
L'INFORMATION PSYCHIATRIQUE,l-information-psychiatrique,Psychiatres,"Psychiatres, neurologues, psychologues hôpital et ville",Print,l-information-psychiatrique::print
L'INSTALLATEUR,l-installateur,Bâtiment - Artisanat,"Plombiers, chauffagistes, couvreurs (chauffage, climatisation, ventilation, plomberie sanitaire).",Print,l-installateur::print
L'OFFICIEL DES CUISINISTES,l-officiel-des-cuisinistes,Restauration collective,"Cuisinistes français, fabricants meubles & electromenager, et artisans",Print,l-officiel-des-cuisinistes::print
L'OFFICIEL DES TERRAINS DE CAMPING,l-officiel-des-terrains-de-camping,Tourisme,Professionnels du camping,Print,l-officiel-des-terrains-de-camping::print
L'OFFICIEL DES TRANSPORTEURS,l-officiel-des-transporteurs,Industrie : Transport logistique,Décideurs du transport routier de marchandises,"Print,Web,NL","l-officiel-des-transporteurs::print,l-officiel-des-transporteurs::web::300x600-300x250mobile,l-officiel-des-transporteurs::web::1000x90,l-officiel-des-transporteurs::nl"
L'OPINION,l-opinion,Dirigeants de TPE/PME,"Chefs d'entreprise, top managers, décideurs en entreprise","Web,NL","l-opinion::web::1000x200-300x600-300x250mobile,l-opinion::nl"
L'OPTICIEN LUNETIER,l-opticien-lunetier,Opticiens,"81% d'opticiens, ophtalmologistes et audioprothésistes, designers et fabricants d'optique","Print,Web,NL","l-opticien-lunetier::print,l-opticien-lunetier::web::300x250,l-opticien-lunetier::web::728x90,l-opticien-lunetier::nl"
L'OUIE MAGAZINE,l-ouie-magazine,ORL,"82% les audioprothésistes, 3,8% les fabricants, 2,1% les centrales d'achats, 2% les coopératives, 1,8% les succursalistes, 1,5% les franchiseurs et 1,5% les étudiants et les écoles",Print,l-ouie-magazine::print
LA BOUCHERIE FRANCAISE,la-boucherie-francaise,Boucherie Charcuterie,"Bouchers, charcutiers, traiteurs et détaillants",Print,la-boucherie-francaise::print
LA CLASSE,la-classe,Education,Professeurs des écoles,Print,la-classe::print
LA CLASSE + FICHE PEDAGOGIQUES,la-classe-fiche-pedagogiques,Education,Directeurs et enseignants des cycles 2 et 3,"Web,NL","la-classe-fiche-pedagogiques::web::300x600-300x250mobile,la-classe-fiche-pedagogiques::nl"
LA CLASSE MATERNELLE,la-classe-maternelle,Education,Professeurs des écoles de maternelles,Print,la-classe-maternelle::print
LA CUISINE PRO (LA RPF),la-cuisine-pro-la-rpf,Restauration collective,"Chef de cuisine, responsable production, responsable d'unité, gestionnaire de la restauration, responsable technique, responsable logistique, intendant, responsable achats",Print,la-cuisine-pro-la-rpf::print
LA DEPECHE,la-depeche,Industrie : Alimentation,"Courtiers, négociants, coopératives, industriels de première et deuxième transformation, meuniers, malteurs, brasseurs, semouliers, administrations, exportateurs et importateurs, semenciers et grosses exploitations céréalières",Print,la-depeche::print
LA DEPECHE VETERINAIRE,la-depeche-veterinaire,Vétérinaires,"Vétérinaires et cliniques vétérinaires, cadres de l'industrie vétérinaire et de la fonction publique",Print,la-depeche-veterinaire::print
LA FRANCE AGRICOLE,la-france-agricole,Agriculture,Chefs d'exploitations agricoles,"Print,Web,NL","la-france-agricole::print,la-france-agricole::web::300x600,la-france-agricole::web::728x90-300x250,la-france-agricole::nl"
LA GAZETTE DU LABORATOIRE,la-gazette-du-laboratoire,Laboratoires,"Techniciens, ingénieurs, chercheurs des secteurs pharma, cosmétique, chimie, biotechnologie, agroalimentaire",Print,la-gazette-du-laboratoire::print
LA GAZETTE DU PALAIS,la-gazette-du-palais,Professionnels du droit,"Avocats, autres professions judiciaires, juristes en entreprises, étudiants",Print,la-gazette-du-palais::print
LA LETTRE DU CANCEROLOGUE,la-lettre-du-cancerologue,Oncologie,"Oncologues 1ère ou 2ème spécialité, radiothérapeutes, pharmaciens",Print,la-lettre-du-cancerologue::print
LA LETTRE DU CARDIOLOGUE,la-lettre-du-cardiologue,Cardiologie,"Cardiologues hospitaliers et libéraux, chirurgiens cardiaques",Print,la-lettre-du-cardiologue::print
LA LETTRE DU GYNECOLOGUE,la-lettre-du-gynecologue,Gynécologie,Gynécologues Obstétriciens Libéraux et Hospitaliers,Print,la-lettre-du-gynecologue::print
LA LETTRE DU NEUROLOGUE,la-lettre-du-neurologue,Neurologie,"Neurologues hospitaliers et libéraux, neurochirurgiens",Print,la-lettre-du-neurologue::print
LA LETTRE DU PSYCHIATRE,la-lettre-du-psychiatre,Psychiatres,"Psychiatres, pédopsychiatres hospitaliers et libéraux",Print,la-lettre-du-psychiatre::print
LA LETTRE DU RHUMATOLOGUE,la-lettre-du-rhumatologue,Rhumatologie,"Rhumatologues hospitaliers et libéraux, rééducateurs, médecins du sport",Print,la-lettre-du-rhumatologue::print
LA METEO AGRICOLE,la-meteo-agricole,Agriculture,Agriculteurs,Web,la-meteo-agricole::web::728x90-300x600
LA PROFESSION COMPTABLE,la-profession-comptable,Professionnels de la finance,"Experts-Comptables, Commissaires aux Comptes, dirigeants de cabinets et des partenaires de la profession","Print,Web,NL","la-profession-comptable::print,la-profession-comptable::web::728x91,la-profession-comptable::web::236x472,la-profession-comptable::nl"
LA REVUE ADMINISTRATION & INTENDANCE,la-revue-administration-intendance,Education,"Magazine édité par l'UNSA. Education nationale, Enseignement supérieur, Jeunesse et Sports, Personnel de l'administration générale et de l'intendance, Responsables de la restauration scolaire et universitaire,",Print,la-revue-administration-intendance::print
LA REVUE DE L'INFIRMIERE,la-revue-de-l-infirmiere,Soins Infirmiers,"Infirmières hospitalières (secteurs public et privé), infirmières extrahospitalières, libérales",Print,la-revue-de-l-infirmiere::print
LA REVUE DES OPTICIENS,la-revue-des-opticiens,Opticiens,"Actualité sur la profession, technique, actualité, législation, santé visuelle, tendances.",Print,la-revue-des-opticiens::print
LA REVUE DES TABACS,la-revue-des-tabacs,Hôtellerie-Restauration,"Buralistes, grossistes, distributeurs et fabricants en tabac : cafés, bars, tabacs",Print,la-revue-des-tabacs::print
LA REVUE DU PRATICIEN,la-revue-du-praticien,Médecins Généralistes,Médecins généralistes et étudiants,Print,la-revue-du-praticien::print
"LA REVUE DU PRATICIEN, MEDECINE GENERALE",la-revue-du-praticien-medecine-generale,Médecins Généralistes,Médecins généralistes,Print,la-revue-du-praticien-medecine-generale::print
LA REVUE DU TROMBINOSCOPE,la-revue-du-trombinoscope,Politique,"Députés, ministres, commissaires européens, sénateurs et eurodéputés",Print,la-revue-du-trombinoscope::print
LA REVUE FISCALE DU PATRIMOINE,la-revue-fiscale-du-patrimoine,Professionnels de la finance,"Notaires, Etablissements bancaires et financiers, professionnels de la gestion de patrimoine, avocats, avocats conseils d'entreprises",Print,la-revue-fiscale-du-patrimoine::print
LA REVUE GENERALE DES CHEMINS DE FER,la-revue-generale-des-chemins-de-fer,Industrie : Transport logistique,"Leaders d'opinion du secteur ferroviaire, ingénieurs, cadres techniques",Print,la-revue-generale-des-chemins-de-fer::print
LA REVUE PRATIQUE DU FROID ET DU CONDITIONNEMENT D'AIR (LA RPF),la-revue-pratique-du-froid-et-du-conditionnement-d-air-la-rpf,Bâtiment - Artisanat,"43% froid industriel, 36% conditionnement d'air, 15% cuisines professionnelles et 6% autres.","Print,Web","la-revue-pratique-du-froid-et-du-conditionnement-d-air-la-rpf::print,la-revue-pratique-du-froid-et-du-conditionnement-d-air-la-rpf::web::300x250,la-revue-pratique-du-froid-et-du-conditionnement-d-air-la-rpf::web::728x90,la-revue-pratique-du-froid-et-du-conditionnement-d-air-la-rpf::nl"
LA REVUE SCOLAIRE ET UNIVERSITAIRE,la-revue-scolaire-et-universitaire,Médecine scolaire,Médecins exerçant en milieu scolaire et universitaire,Print,la-revue-scolaire-et-universitaire::print
LA SEMAINE JURIDIQUE (5 EDITIONS),la-semaine-juridique-5-editions,Professionnels du droit,"Avocats, notaires, experts comptables, juridictions, administrations, collectivités, juristes, enseignants, ressources humaines",Print,la-semaine-juridique-5-editions::print
LA SEMAINE JURIDIQUE (EDITION ADMINISTRATIONS ET COLLECTIVITÉS TERRITORIALES),la-semaine-juridique-edition-administrations-et-collectivit-s-territoriales,Collectivités locales,"Directeurs généraux des services, responsables juridiques et financiers des administrations et collectivités, avocats",Print,la-semaine-juridique-edition-administrations-et-collectivit-s-territoriales::print
LA SEMAINE JURIDIQUE (EDITION GENERALE),la-semaine-juridique-edition-generale,Professionnels du droit,"Avocats, magistrats, tous professionnels du droit, étudiants en droit",Print,la-semaine-juridique-edition-generale::print
LA SEMAINE JURIDIQUE (EDITION NOTARIALE ET IMMOBILIÈRE),la-semaine-juridique-edition-notariale-et-immobili-re,Notaires,"Notaires et leurs collaborateurs, professionnels de l'immobilier et de la gestion de patrimoine",Print,la-semaine-juridique-edition-notariale-et-immobili-re::print
LA SEMAINE JURIDIQUE (EDITION SOCIALE),la-semaine-juridique-edition-sociale,Ressources Humaines,"Avocats en droit du travail, professionnels des ressources humaines, de la formation et de la protection sociale",Print,la-semaine-juridique-edition-sociale::print
LA SEMAINE JURIDIQUE (ENTREPRISE & AFFAIRE),la-semaine-juridique-entreprise-affaire,Dirigeants de TPE/PME,"Avocats, avocats d’affaires, juristes d’entreprise, conseils d’entreprise, experts-comp- tables, fiscalistes",Print,la-semaine-juridique-entreprise-affaire::print
LA SEMAINE VETERINAIRE,la-semaine-veterinaire,Vétérinaires,Vétérinaires,Print,la-semaine-veterinaire::print
LA TOQUE MAGAZINE,la-toque-magazine,Boulangerie Pâtisserie,"Boulangers, pâtissiers, confiseurs, chocolatiers, traiteurs, glaciers, meuniers, industriels de la panification, distributeurs de matériels…","Print,Web,NL","la-toque-magazine::print,la-toque-magazine::web::1000x90-320x120,la-toque-magazine::web::300x600-300x250mobile,la-toque-magazine::nl"
LA TRIBUNE,la-tribune,Dirigeants de TPE/PME,"Chefs d'entreprise, top managers, décideurs en entreprise","Web,NL","la-tribune::web::728x90-300x600-300x250mobile,la-tribune::nl"
LA TRIBUNE DE L'ASSURANCE,la-tribune-de-l-assurance,Assurance,"Institutionnels (compagnies d'assurance et de réassurance, mutuelles, IP), réseaux de distribution (courtiers, agents généraux et gestionnaires de patrimoine), dirigeants et cadres","Print,Web,NL","la-tribune-de-l-assurance::print,la-tribune-de-l-assurance::web::970x250,la-tribune-de-l-assurance::web::300x250,la-tribune-de-l-assurance::nl"
LA TRIBUNE DES AUTO-ECOLES,la-tribune-des-auto-ecoles,Services,Gérants d'auto-écoles,"Print,Web,NL","la-tribune-des-auto-ecoles::web::322x322,la-tribune-des-auto-ecoles::web::730x90,la-tribune-des-auto-ecoles::nl,la-tribune-des-auto-ecoles::print"
LA TRIBUNE DU RESEAU PRESSE,la-tribune-du-reseau-presse,Distribution Spécialisée,"Dépositaires de presse, éditeurs (presse librairie et multimédia), diffuseurs, entreprises de messageries.",Print,la-tribune-du-reseau-presse::print
LAITERIES MAG,laiteries-mag,Alimentation,"Responsables des coopératives et industries laitières, directions générales, responsables usines, directions de production, directions des achats",Print,laiteries-mag::print
LE BATIMENT ARTISANAL,le-batiment-artisanal,Bâtiment - Artisanat,"Magazine de la CAPEB, regroupe toutes les professions du bâtiment",Print,le-batiment-artisanal::print
LE BIJOUTIER,le-bijoutier,Mode,"Horlogers, bijoutiers, joailliers et orfèvres français. Détaillants, groupements, fabricants, distributeurs, acheteurs France + Etranger.",Print,le-bijoutier::print
LE BLOG DU DIRIGEANT,le-blog-du-dirigeant,Dirigeants de TPE/PME,Dirigeants d'entreprises,"Web,NL","le-blog-du-dirigeant::web::728x90floorad-300x600-300x250mobile,le-blog-du-dirigeant::nl"
LE CHEF,le-chef,Hôtellerie-Restauration,Chefs de cuisine en restauration traditionnelle gastronomique et en restauration collective,Print,le-chef::print
LE CHIRURGIEN DENTISTE DE FRANCE,le-chirurgien-dentiste-de-france,Dentistes,Chirurgiens-dentistes,Print,le-chirurgien-dentiste-de-france::print
LE CONCOURS MEDICAL,le-concours-medical,Médecins Généralistes,"Médecins généralistes, médecins et pôles de santé, centres de santé",Print,le-concours-medical::print
LE COURRIER DE LA TRANSPLANTATION,le-courrier-de-la-transplantation,Chirurgie,"Membres de la SFT, services de transplantation, néphrologues, cardiologues et chirurgiens cardiaques",Print,le-courrier-de-la-transplantation::print
LE COURRIER DU MEUBLE ET DE L'HABITAT,le-courrier-du-meuble-et-de-l-habitat,Ameublement,"Tous les professionnels du meuble : fabricants, négociants, centrales d'achats, designers, fournisseurs de l'ameublement, détaillants et représentants","Print,Web,NL","le-courrier-du-meuble-et-de-l-habitat::print,le-courrier-du-meuble-et-de-l-habitat::web::728x90,le-courrier-du-meuble-et-de-l-habitat::nl"
LE JOURNAL DE L'AUTOMOBILE,le-journal-de-l-automobile,Garagistes,"Réseaux de distribution (61%), Après-vente (17%), Constructeurs (15%), Equipementiers (4%), Divers (3%)","Print,Web,NL","le-journal-de-l-automobile::print,le-journal-de-l-automobile::web::1000x150,le-journal-de-l-automobile::web::300x600-300x250mobile,le-journal-de-l-automobile::nl"
LE JOURNAL DE LA MARINE MARCHANDE,le-journal-de-la-marine-marchande,Industrie : Transport logistique,"Chargeurs : 50%, Armateurs, Agents maritimes: 20%, Autorités Portuaires: 11%, Logisticiens: 9%, Construction Navale: 4%, Secteur bancaire, administration etc. : 3%, Autres: 3%",Print,le-journal-de-la-marine-marchande::print
LE JOURNAL DES FLOTTES,le-journal-des-flottes,Responsables flottes,Décideurs opérationnels de gestion de flotte,"Print,Web,NL","le-journal-des-flottes::print,le-journal-des-flottes::web::300x600-300x250mobile,le-journal-des-flottes::web::1000x150,le-journal-des-flottes::nl"
LE JOURNAL DES FLUIDES,le-journal-des-fluides,Divers,"Bureaux d'études et de recherches, services techniques et productions des secteurs : pompage, filtration, robinetterie",Print,le-journal-des-fluides::print
LE JOURNAL DES PATISSIERS,le-journal-des-patissiers,Boulangerie Pâtisserie,"Pâtissiers, boulangers-pâtissiers, glaciers, chocolatiers, confiseurs, traiteurs",Print,le-journal-des-patissiers::print
LE JOURNAL DU POIDS LOURD,le-journal-du-poids-lourd,Industrie : Transport logistique,Flottes de transporteurs et des réparateurs poids lourds,Print,le-journal-du-poids-lourd::print
LE JOURNAL DU VILLAGE DE LA JUSTICE,le-journal-du-village-de-la-justice,Professionnels du droit,Avocats,Print,le-journal-du-village-de-la-justice::print
LE JOURNAL DU VILLAGE DES NOTAIRES,le-journal-du-village-des-notaires,Notaires,"Notaires, centres de formation des notaires, institutions",Print,le-journal-du-village-des-notaires::print
LE JOURNAL DU VRAC,le-journal-du-vrac,Industrie : technologie,"28% Agroalimentaire, 23% Industries, plastiques, chimie et pharmacie, 21% Ciments et minéraux, 13% Recyclage, environnement, bois et biosmasse, 10% Nutrition animale, 3% Fonderie et sidérurgie, 2% Verre et céramique",Print,le-journal-du-vrac::print
LE LIEN HORTICOLE,le-lien-horticole,Culture,"Horticulteurs, maraîchers, pépiniéristes, jardineries, paysagistes",Print,le-lien-horticole::print
LE MARIN,le-marin,Industrie : Alimentation,"Professionnels de l’économie maritime, de la pêche, du transport maritime, de la construction navale civile et de défense, industries nautiques,offshore,gestion du littoral et environnement.",Print,le-marin::print
LE MEDIA SOCIAL,le-media-social,Social,"Travailleurs sociaux, cadres, directeurs d’établissement et décideurs institutionnels",Web,le-media-social::web::728x90-300x250
LE MONDE DU SURGELE,le-monde-du-surgele,Distribution Spécialisée,"Restauration commerciale 50%, restauration collective 25 %, distributeurs 20 %, divers 5%",Print,le-monde-du-surgele::print
LE MONITEUR DES PHARMACIES,le-moniteur-des-pharmacies,Pharmaciens,"Pharmaciens titulaires, pharmaciens d’officines, équipes officinales","Print,Web,NL","le-moniteur-des-pharmacies::print,le-moniteur-des-pharmacies::web::728x90-320x50mobile,le-moniteur-des-pharmacies::web::300x600,le-moniteur-des-pharmacies::nl"
LE NOUVEL ECONOMISTE,le-nouvel-economiste,Dirigeants de TPE/PME,"31% Grandes entreprises (>500 salariés), 41% PME (de 10 à 500 salariés), 12% TPE, artisans & commerçants et 16% Professions libérales","Print,Web,NL","le-nouvel-economiste::print,le-nouvel-economiste::web::300x250,le-nouvel-economiste::web::820x250,le-nouvel-economiste::nl"
LE PAPETIER DE FRANCE,le-papetier-de-france,Distribution Spécialisée,"18% étranger, 1,5% grossistes, VPC 1,5%, e-commerce 5 %, superstores  8%, GMS 9,7%, fournitures 25%, détaillants 30%","Print,Web,NL","le-papetier-de-france::print,le-papetier-de-france::web::728x90,le-papetier-de-france::web::300x250,le-papetier-de-france::nl"
LE PHARMACIEN DE FRANCE,le-pharmacien-de-france,Pharmaciens,Titulaires d'officines,Print,le-pharmacien-de-france::print
LE PODOLOGUE,le-podologue,Podologues,Podologues,Print,le-podologue::print
LE POINT VETERINAIRE,le-point-veterinaire,Vétérinaires,Vétérinaires,"Print,Web,NL","le-point-veterinaire::print,le-point-veterinaire::web::980x90,le-point-veterinaire::web::300x250,le-point-veterinaire::nl"
LE PRATICIEN EN ANESTHESIE REANIMATION,le-praticien-en-anesthesie-reanimation,Anesthésie - Réanimation - Urgence,"Anesthésistes, réanimateurs, services de médecine d'urgence",Print,le-praticien-en-anesthesie-reanimation::print
LE QUOTIDIEN DU MEDECIN,le-quotidien-du-medecin,Médecins Généralistes,"Généralistes, spécialistes (journal d'informations médicales et générales)",Print,le-quotidien-du-medecin::print
LE QUOTIDIEN DU MEDECIN (ETHIQUE),le-quotidien-du-medecin-ethique,Médecins Généralistes,Médecins généralistes et spécialistes,"Web,NL","le-quotidien-du-medecin-ethique::web::728x90-320x50-300x250,le-quotidien-du-medecin-ethique::web::300x600,le-quotidien-du-medecin-ethique::nl"
LE QUOTIDIEN DU MEDECIN (NON ETHIQUE),le-quotidien-du-medecin-non-ethique,Médecins Généralistes,Médecins généralistes et spécialistes,Web,"le-quotidien-du-medecin-non-ethique::web::728x90-320x50-300x250,le-quotidien-du-medecin-non-ethique::web::300x600"
LE QUOTIDIEN DU PHARMACIEN,le-quotidien-du-pharmacien,Pharmaciens,"Pharmaciens titulaires, pharmaciens d'officines, équipes officinales","Print,Web,NL","le-quotidien-du-pharmacien::print,le-quotidien-du-pharmacien::web::728x90-320x50mobile,le-quotidien-du-pharmacien::nl"
LES CAHIERS D'OPHTALMOLOGIE,les-cahiers-d-ophtalmologie,Ophtalmologie,Ophtalmologistes libéraux et hospitaliers,Print,les-cahiers-d-ophtalmologie::print
LES NOUVELLES DE LA BOULANGERIE-PATISSERIE,les-nouvelles-de-la-boulangerie-patisserie,Boulangerie Pâtisserie,"Artisans boulangers, pâtissiers, fournisseurs, équipementiers, écoles professionnelles…",Print,les-nouvelles-de-la-boulangerie-patisserie::print
LES NOUVELLES ESTHETIQUES,les-nouvelles-esthetiques,Esthétique,"90% Instituts de beauté, Esthéticiennes à domicile, Instituts d'ongles, Spas, Centres de thalasso, Clubs de remise en forme, Salons de coiffure, Cliniques de chirurgie esthétique, Ecoles d'esthétique, 3% Conseillères de vente, Chaînes de parfumerie, Paraphamarcies, 3% Laboratoires, fabricants et distributeurs de cosmétiques et matériels d'esthétique","Print,Web","les-nouvelles-esthetiques::print,les-nouvelles-esthetiques::web::300x250"
LES ROUTIERS,les-routiers,Artisans transporteurs,"32 % artisans transporteurs, 31 % chefs d'entreprises, 26% conducteurs routiers, 11% responsables de parc (taille des entreprises : de 1 à plus de 50 salariés)",Print,les-routiers::print
LETTRE M2,lettre-m2,Immobilier,"30% Investisseurs, Asset managers, Property managers, 26% Conseils, 19% Promoteurs/Constructeurs/AMO, MOE, Entreprises du bâtiment, 15% Experts en évaluation, 6% Collectivités territoriales/Utilisateurs/Autres, 4% Financeurs",Print,lettre-m2::print
LINEAIRES,lineaires,Commerce de Gros & Distributeurs,Professionnels de la distribution alimentaire,"Print,Web,NL","lineaires::print,lineaires::web::300x250,lineaires::web::728x90-320x50mobile,lineaires::nl"
LIVRES HEBDO,livres-hebdo,Distribution Spécialisée,"Maisons d'édition, libraires, bibliothèque","Print,Web,NL","livres-hebdo::print,livres-hebdo::web::300x600-300x250mobile,livres-hebdo::nl"
LJA (LA LETTRE DES JURISTES D'AFFAIRES),lja-la-lettre-des-juristes-d-affaires,Professionnels du droit,Grands cabinets d’avocats et directions juridiques d’entreprise,Print,lja-la-lettre-des-juristes-d-affaires::print
LJA LE MAGAZINE,lja-le-magazine,Professionnels du droit,Grands cabinets d’avocats et directions juridiques d’entreprise,Print,lja-le-magazine::print
LOYERS ET COPROPRIETE,loyers-et-copropriete,Immobilier,"Avocats, Agences immobilières, Sociétés d'investissement immobilier, Notaires, Huissiers, Juristes d'établissements publics locaux et de syndicats professionnels",Print,loyers-et-copropriete::print
LUMIERES,lumieres,Bâtiment - Artisanat,"Architectes, bureaux d'études, installateurs et exloitants,",Print,lumieres::print
LUX LA REVUE DE L'ECLAIRAGE,lux-la-revue-de-l-eclairage,Bâtiment - Artisanat,"Prescripteurs (promoteurs, collectivités locales, maîtres d'ouvrage, architectes...), concepteurs (bureaux d'études, ingénieurs-conseils, concepteurs lumière...), metteurs en  œuvre (installateurs...), exploitants industriels et tertiaires (services électriques intégrés, maintenance...), grossistes, distributeurs d'énergie",Print,lux-la-revue-de-l-eclairage::print
MACHINES PRODUCTION,machines-production,Industrie : technologie,"58,1% de PDG/DG, 22,1% directeur/chef de service, 10,5% ingénieur/cadre, 9,2% agent de maîtrise/Technicien.",Print,machines-production::print
MAIRES DE FRANCE,maires-de-france,Collectivités locales,"Elus, secrétaires généraux, directeurs des services techniques et administratifs, présidents d'établissements intercommunaux","Print,Web","maires-de-france::print,maires-de-france::web::350x290,maires-de-france::web::728x120,maires-de-france::web::920x120"
MAISONS ET TRAVAUX PRO,maisons-et-travaux-pro,Bâtiment - Artisanat,Artisans du bâtiment,"Web,NL","maisons-et-travaux-pro::web::1000x90-300x600-300x250mobile,maisons-et-travaux-pro::nl"
MAT ENVIRONNEMENT,mat-environnement,Environnement,Professionnels confrontés au respect de la législation environnementale dans leur choix de matériels et d'équipements,Print,mat-environnement::print
MATERIEL AGRICOLE,materiel-agricole,Machinisme,"Agriculteurs (France entière, moyenne de 120 hectares), entrepreneurs de travaux agricoles, concessionnaires en machinisme agricole",Print,materiel-agricole::print
MATERIEL & PAYSAGE,materiel-paysage,Fleurs - Animalerie,"65% paysagistes, entrepreneurs du paysage, 25% mairies, collectivités, golfs et 10% cibles secondaires",Print,materiel-paysage::print
MEDECINE,medecine,Médecins Généralistes,Support officiel de Développement Professionnel Continu (DPC). Cible: médecins généralistes,Print,medecine::print
MEDECINE ET ENFANCE,medecine-et-enfance,Pédiatrie,"Revue sur la médecine, l'enfance et la pédiatrie.",Print,medecine-et-enfance::print
MEDECINE THERAPEUTIQUE PEDIATRIE,medecine-therapeutique-pediatrie,Pédiatrie,"Pédiatres hospitaliers, pédiatres de ville",Print,medecine-therapeutique-pediatrie::print
MEDIA CSE,media-cse,Ressources Humaines,Elus de CSE & représentants du personnel,Print,media-cse::print
MESURES,mesures,Industrie : technologie,"Décisionnaires stratégiques : Chefs d'entreprise, DG, PDG, Directeurs, Chefs de services. Ingénieurs : Cadres, Chefs de projet",Print,mesures::print
METAL FLASH,metal-flash,Bâtiment - Artisanat,"Entreprises de métallerie, acteurs de la construction et du second œuvre concernés par les ouvrages en métal (maîtres d'ouvrage, architectes, bureaux d'études, économistes de la construction, établissements de la formation)","Print,Web,NL","metal-flash::print,metal-flash::web::300x250,metal-flash::web::728x90,metal-flash::nl"
METAL INDUSTRIES,metal-industries,Industrie : métal,"Industries de formage, assemblage, soudage, traitements de surface des métaux, tôles, profilés et tubes",Print,metal-industries::print
MON OEIL !,mon-oeil,Opticiens,Ophtalmologistes hospitaliers et libéraux,Print,mon-oeil::print
MONDE DE L'EPICERIE FINE,monde-de-l-epicerie-fine,Alimentation,"100% des épiceries fines de France, les commerces de détail (épiciers fins, restaurateurs, cavistes, commerces de bouche haut de gamme...)","Print,Web,NL","monde-de-l-epicerie-fine::print,monde-de-l-epicerie-fine::web::300x250,monde-de-l-epicerie-fine::web::728x90,monde-de-l-epicerie-fine::nl"
MOTEURS & RESEAUX,moteurs-reseaux,Fleurs - Animalerie,Distribution de matériel de création et d'entretien des espaces verts,Print,moteurs-reseaux::print
MY RH LINE,my-rh-line,Ressources Humaines,Professionnels des RH,"Web,NL","my-rh-line::web::728x90-300x250,my-rh-line::nl"
NEPHROLOGIE ET THERAPEUTIQUE,nephrologie-et-therapeutique,Néphrologie,"Néphrologues, urologues, transplanteurs, greffeurs, spécialistes des maladies rénales",Print,nephrologie-et-therapeutique::print
NEUROLOGIES,neurologies,Neurologie,"Neurologues, neuro-gériatres, neurochirurgiens, neuro-pédiatres, neuropsychiatres, rééducateurs fonctionnels",Print,neurologies::print
NEUROPSYCHOLOGIE,neuropsychologie,Neurologie,"Neurologues, psychologues, orthophonistes, neurophysiologistes, psychiatres, pédiatres",Print,neuropsychologie::print
NOTAIRES VIE PROFESSIONNELLE,notaires-vie-professionnelle,Notaires,Actions du conseil supérieur du notariat.,Print,notaires-vie-professionnelle::print
NUTRITION INFOS,nutrition-infos,Nutrition,"spécialistes de la nutrition, médecins nutritionnistes, diététiciens, médecins généralistes, acteurs de la nutrition à l'hôpital, les membres des Clans et des UTNC, les conseillers en nutrition infantile, les pédiatres, les responsables de l'alimentation des personnes âgées, les gériatres et les médecins coordonnateurs en Ehpad",Print,nutrition-infos::print
OBJECTIF SOINS ET MANAGEMENT,objectif-soins-et-management,Hospitalier - Médecine Interne,"Directeurs de sisn, cadres supérieur de santé, cadre de santé, chef de bloc opératoire, directeur d'ifsi,directeurs d'ifas, enseignants, formateurs",Print,objectif-soins-et-management::print
ONKO +,onko,Oncologie,"Oncologues, hématologues, radiothérapeutes, internistes en oncologie et spécialistes d'organes",Print,onko::print
OPA PRATIQUE,opa-pratique,ORL,"ORL Libéraux et Hospitaliers, Pneumologues Libéraux et Hospitaliers, Allergologues Libéraux et Hospitaliers",Print,opa-pratique::print
OPTION BIO,option-bio,Biologistes,"Laboratoires d’analyses de biologie médicale, privés et publics",Print,option-bio::print
OPTION FINANCE,option-finance,Professionnels de la finance,"Conseillers juridiques, avocats, experts comptables, commissaires aux comptes, notaires, DRH, CGP, DG, DAF, cadres d'institutions financières","Print,Web,NL","option-finance::print,option-finance::web::940x250,option-finance::web::300x250,option-finance::nl"
PACK GENERATION DE CLICS GARANTIS,pack-generation-de-clics-garantis,,,Web,pack-generation-de-clics-garantis::web::728x90-300x600-300x250-320x50
PEDIATRIE PRATIQUE,pediatrie-pratique,Pédiatrie,"Pédiatres libéraux et hospitaliers, Médecins Généralistes à tendance Pédiatrie",Print,pediatrie-pratique::print
PETMARKET MAGAZINE,petmarket-magazine,Fleurs - Animalerie,"Animaleries, GSA / BSB, toiletteurs, éleveurs, LISA, jardinerie, fabricants, formateurs, centrale d'achats",Print,petmarket-magazine::print
PHARMA 365,pharma-365,Pharmaciens,"Pharmaciens titulaires, adjoints, équipes officinales, étudiants",Print,pharma-365::print
PHARMACIE RURALE,pharmacie-rurale,Pharmaciens,Pharmaciens d'officines titulaires en milieu rural,Print,pharmacie-rurale::print
PHARMACIEN BUSINESS,pharmacien-business,Pharmaciens,Titulaires qui ont une vision entrepreneuriale de leur métier.,Print,pharmacien-business::print
PHYTOMA,phytoma,Culture,"26% agriculteurs, 31% agro fourniture, 23% prescription, 12% enseignement/recherche, 8% collectivités locales",Print,phytoma::print
PIC,pic,Sécurité,Professionnels du monde de la sécurité et de la santé au travail,Print,pic::print
PIERRE ACTUAL,pierre-actual,Distribution Spécialisée,"Marbiers, tailleurs de pierre, carriers, granitiers, transformateurs, poseurs, graveurs, négociants, constucteurs de machines, fabricants d'outillage, architectes, syndicats professionnels, associations, centres de formations, laboratoires, service techniques de villes, etc,",Print,pierre-actual::print
"PISCINES, SPAS & JARDINS",piscines-spas-jardins,Fleurs - Animalerie,Entreprises de paysage et les Piscinistes,Print,piscines-spas-jardins::print
PLACE DES COMMERCES,place-des-commerces,Immobilier,"80% Acheteurs (commerçants, chefs d'entreprise, franchiseurs), 20% Vendeurs (commerçants, chefs d'entreprise, franchiseurs)",Web,place-des-commerces::web::728x90floorad-300x600-300x250mobile
POINTS DE VENTE,points-de-vente,Commerce de Gros & Distributeurs,Professionnels de la distribution et du commerce organisé,"Print,Web,NL","points-de-vente::print,points-de-vente::web::728x90,points-de-vente::web::300x600,points-de-vente::nl"
PORC MAGAZINE,porc-magazine,Elevage,Professionnels de la filière porcine,Print,porc-magazine::print
PORPHYRE,porphyre,Pharmaciens,Préparateurs et collaborateurs de l'officine,Print,porphyre::print
PRESCRIPTION BETON,prescription-beton,Bâtiment - Artisanat,"Architectes, maîtres d'œuvre et aître d'ouvrage, bureaux d'études, entreprise du bâtiment et tp, utilisateurs de béton (professionnels, particuliers),industriels et recyclage, constructeurs, importateurs, distributeurs syndicats (Acob, FIB, UNICEM)",Print,prescription-beton::print
PREVENTION BTP,prevention-btp,Bâtiment - Artisanat,"Menuisiers, charpentiers, constructeurs, architectectes, industriels",Print,prevention-btp::print
PRIVATE EQUITY,private-equity,Professionnels de la finance,"Fonds d'investissement, conseils, entreprises, banques d'affaires",Print,private-equity::print
PROCEDURES,procedures,Professionnels du droit,"Avocats, Avocats aux conseils, Magistrats, Huissiers de justice, Professeurs, Médiateurs, Juristes d'administrations",Print,procedures::print
PROCESS ALIMENTAIRE,process-alimentaire,Industrie : Alimentation,"Industriels du secteur alimentaire, directeurs d'usine, responsables techniques et production, responsables maintenance, qualité, recherche et développement, responsable marketing, directeurs des achats","Print,Web,NL","process-alimentaire::print,process-alimentaire::web::728x90,process-alimentaire::nl"
PRODUCTION LAITIERE MODERNE,production-laitiere-moderne,Elevage,Professionnels du secteur laitier,Print,production-laitiere-moderne::print
PRODUITS DE LA MER,produits-de-la-mer,Industrie : Alimentation,"Tous les produits de la mer et de l'aquaculture, produits frais, produits congelés, produits traiteurs, conserve, saurisserie, transformation, transport, marketing, règlementation, export.","Print,Web,NL","produits-de-la-mer::print,produits-de-la-mer::web::300x250,produits-de-la-mer::web::1100x140,produits-de-la-mer::nl"
PRODUITS EQUIPEMENTS INDUSTRIELS,produits-equipements-industriels,Industrie : technologie,"Ingénieurs d'études, de production et directions des achats",Print,produits-equipements-industriels::print
PROFESSION ACHAT,profession-achat,Direction Achat,"Directeurs achat et acheteurs, membres du Conseil Naitonal des Achats",Print,profession-achat::print
PROFESSION CARROSSIER,profession-carrossier,Garagistes,"Carrossiers indépendants et réseaux, concessionnaires VP VUL et VI",Print,profession-carrossier::print
PROFESSION CGP,profession-cgp,Professionnels de la finance,"CGP (indépendants et salariés), conseillers en investissements financiers (CIF), gestionnaires de fortune, experts comptables, notaires, fiscalistes,","Print,Web,NL","profession-cgp::print,profession-cgp::web::940x90,profession-cgp::web::250x250,profession-cgp::nl"
PROFESSION PAYSAGISTE,profession-paysagiste,Fleurs - Animalerie,Entreprises de paysage,Print,profession-paysagiste::print
PROFESSION SAGE-FEMME,profession-sage-femme,Kinésithérapie - Sage-femme,Sage - Femme,Print,profession-sage-femme::print
PROJET PAYSAGE(S),projet-paysage-s,Fleurs - Animalerie,"Paysagistes concepteurs, collectivités, bureaux d'études",Print,projet-paysage-s::print
PROTECTION SECURITE MAGAZINE,protection-securite-magazine,Sécurité,"37% professionnels de la sécurité - sureté (Installateurs, Prestataires de services, distributeurs, fabricants, intégrateurs…), 63% utilisateurs/prescripteurs (Direction générale, Direction sécurité - sureté, Services Généraux, Services Achats, Etude et Conseil, Exploitation...)",Print,protection-securite-magazine::print
PSYCHOLOGUES,psychologues,Psychologues,"Praticiens, chercheurs, universitaires, étudiants",Print,psychologues::print
RAYON BOISSONS,rayon-boissons,Commerce de Gros & Distributeurs,"Acheteurs liquides, chefs de rayon liquides, chefs de départements, directeurs hypermarchés, supermarchés, drives, industriels des boissons, négociants en vin…","Print,Web,NL","rayon-boissons::print,rayon-boissons::web::300x250,rayon-boissons::web::728x90,rayon-boissons::nl"
RECUEIL DALLOZ,recueil-dalloz,Professionnels du droit,"Avocats, magistrats, collaborateurs de justice, enseignement, universités, administrations, entreprises",Print,recueil-dalloz::print
RECYCLAGE,recyclage,Environnement,"54% Recycleurs & récupérateurs, 20% Collectivités locales, 15% Industries de MP, 7% Utilisateurs de MP, 4% Associations","Print,Web,NL","recyclage::print,recyclage::web::450x750,recyclage::web::730x100,recyclage::nl"
REFERENCE CARRELAGE,reference-carrelage,Bâtiment - Artisanat,"Carreleurs, maçons, fabricants de carelage, architectes d'intérieur",Print,reference-carrelage::print
REGIONS MAGAZINE (COLLECTIVITES LOCALES),regions-magazine-collectivites-locales,Collectivités locales,"Dirigeants d'entreprises, Collectivités locales",Print,regions-magazine-collectivites-locales::print
REGIONS MAGAZINE (DIRIGEANTS DE TPE/PME),regions-magazine-dirigeants-de-tpe-pme,Dirigeants de TPE/PME,"Dirigeants d'entreprises, Collectivités locales",Print,regions-magazine-dirigeants-de-tpe-pme::print
RELATION CLIENT,relation-client,"Communication, Publicité","Annonceurs, agences de communication, agences de publicités, agences médias, régies publicitaires, médias",Print,relation-client::print
RELATIONS CULTURE,relations-culture,Culture,Professionnels de la distribution agricole,Print,relations-culture::print
REPERES EN GERIATRIE,reperes-en-geriatrie,Gériatrie,"Services hospitaliers de gériatrie et de gérontologie, cliniques gérontologiques, gériatres, gérontologues, médecins spécialisés en gériatrie, paramédicaux spécialisés en gériatrie",Print,reperes-en-geriatrie::print
RESEAUX VRD LIGNES & CANALISATIONS,reseaux-vrd-lignes-canalisations,Travaux publics,"Décideurs et prescripteurs du secteur des travaux publics (canalisateurs, entreprises de VRD…)",Print,reseaux-vrd-lignes-canalisations::print
RESTAURATION COLLECTIVE,restauration-collective,Restauration collective,Dirigeants et gestionnaires de collectivités auto gérées et de sociétés de restauration collective,Print,restauration-collective::print
REUSSIR BOVINS,reussir-bovins,Elevage,Professionnels du secteur bovin,Print,reussir-bovins::print
REUSSIR FRUITS & LEGUMES,reussir-fruits-legumes,Culture,"Producteurs de fruits (arboriculteurs) et de cultures légumières (maraîchers) distributeurs de l'agro-fourniture (coop et négoces) et de l'agro-équipement (concessionnaires), prescripteurs.",Print,reussir-fruits-legumes::print
REUSSIR GRANDES CULTURES,reussir-grandes-cultures,Culture,"Producteurs de grandes cultures, distributeurs de l’agro-fourniture",Print,reussir-grandes-cultures::print
REUSSIR LA CHEVRE,reussir-la-chevre,Elevage,Eleveurs caprins,Print,reussir-la-chevre::print
REUSSIR LAIT,reussir-lait,Elevage,Eleveurs de vaches laitières,Print,reussir-lait::print
REUSSIR PATRE,reussir-patre,Elevage,Eleveurs ovins allaitant et laitiers,Print,reussir-patre::print
REUSSIR PORC,reussir-porc,Elevage,Professionnels de la filière porcine,Print,reussir-porc::print
REUSSIR VIGNE,reussir-vigne,Vigne,"Vignerons (caves particulières), viticulteurs (caves coopératives), distributeurs de l'agrofourniture",Print,reussir-vigne::print
REUSSIR VOLAILLES,reussir-volailles,Elevage,Professionnels de l'aviculture,Print,reussir-volailles::print
REVUE BANQUE,revue-banque,Professionnels de la finance,Groupes Bancaires et Financiers et sociétés d'investissements,"Print,Web,NL","revue-banque::print,revue-banque::web::300x600,revue-banque::web::970x90-320x100mobile,revue-banque::nl"
REVUE DE LA PRATIQUE AVANCEE,revue-de-la-pratique-avancee,Soins Infirmiers,"Infirmiers en pratique avancée, infirmiers cadres de santé, profesisonnels soignants et médico-sociaux",Print,revue-de-la-pratique-avancee::print
REVUE DES COLLECTIVITES LOCALES,revue-des-collectivites-locales,Collectivités locales,"Élus et cadres, DGS, DST",Print,revue-des-collectivites-locales::print
REVUE DES MALADIES RESPIRATOIRES,revue-des-maladies-respiratoires,Pneumologues,"Pneumologues, infectiologues, allergologues, cancérologues",Print,revue-des-maladies-respiratoires::print
REVUE HOSPITALIERE DE FRANCE,revue-hospitaliere-de-france,Hospitalier - Médecine Interne,"Directeurs d'établissements publics, DSI, présidents de CME, chefs de pôles médicaux","Print,Web","revue-hospitaliere-de-france::print,revue-hospitaliere-de-france::web::300x250,revue-hospitaliere-de-france::web::728x90"
RH&M,rh-m,Ressources Humaines,DRH et responsables RH,Print,rh-m::print
RHUMATOS,rhumatos,Rhumatologie,"Rhumatologues, rééducateurs fonctionnels, internistes, médecins du sport, chirurgiens orthopédiques et traumatiques",Print,rhumatos::print
RIA (LA REVUE DE L'INDUSTRIE AGROALIMENTAIRE),ria-la-revue-de-l-industrie-agroalimentaire,Industrie : Alimentation,"31% directions générales, 21% production, 14% Recherche & Développement, 12% qualité, 10% achats, 8% marketing et vente, 4% autres.",Print,"ria-la-revue-de-l-industrie-agroalimentaire::web::970x90-320x120,ria-la-revue-de-l-industrie-agroalimentaire::web::300x600-320x120,ria-la-revue-de-l-industrie-agroalimentaire::nl,ria-la-revue-de-l-industrie-agroalimentaire::print"
ROUTE ACTUALITE,route-actualite,Travaux publics,"Entreprises routières, collectivités territoriales, mairies, entreprises TP",Print,route-actualite::print
RUNGIS ACTUALITES,rungis-actualites,Alimentation,"Commerçants, restaurateurs et grossistes adhérents du Marché de Rungis",Print,rungis-actualites::print
RVI,rvi,Vigne,"Production, commercialisation et distribution des vins en France et dans le monde","Print,Web,NL","rvi::print,rvi::web::728x92,rvi::web::360x360,rvi::nl"
SALLES PROPRES,salles-propres,Propreté,"Ingénierie, ensembliers, équipementiers, distributeurs, en santé, pharma, dispositifs médicaux, agro-alimentaire, micro-électroniques",Print,salles-propres::print
SANTE&TRAVAIL,sante-travail,Médecine du Travail,"Responsables RH, membres CE, responsables prévention et conditions de travail, médecins du travail",Print,sante-travail::print
SCORE 3,score-3,Dirigeants de TPE/PME,"Dirigeants de TPE/PME, cadres dirigeants",Web,score-3::web::1000x90floorad-300x250mobile
SE LOGER BUREAUX COMMERCES,se-loger-bureaux-commerces,Immobilier,"Commerçants, restaurateurs",Web,se-loger-bureaux-commerces::web::300x600-320x50mobile
SERVICES PROPRETE,services-proprete,Propreté,"72% entreprise de propreté,14% grand donneur d'ordre,14% distributeur fabricant, 1%divers",Print,services-proprete::print
SERVIR - ALUMNI DE L'ENA ET DE L'INSP,servir-alumni-de-l-ena-et-de-l-insp,Politique,"Anciens élèves de l'ENA: décideurs de l'Etat, de la fonction publique et des collectivités territoriales",Print,servir-alumni-de-l-ena-et-de-l-insp::print
SILICON,silicon,Direction informatique,"DSI, DAF, Marketing, Logistique, Production, Ressources Humaines","Print,Web,NL","silicon::print,silicon::web::728x90-300x600,silicon::nl"
SMART DSI,smart-dsi,Direction informatique,"Décideurs informatiques, décideurs métiers et professionnels des nouvelles technologies",Print,smart-dsi::print
SMART INTEGRATIONS,smart-integrations,Direction Achat,"Grossistes en électricité, grossistes courant faible, grossistes vidéosurveillance, bureaux d'architecte, bureaux d'études, bailleurs et donneurs d'ordres, installateurs/intégrateurs, électriciens courant faible, professionnels de la vidéosurveillance et de la sécurité en habitat collectif, points de vente grande distribution (inclus les acheteurs grands comptes des GSB/GSS), antennistes et revendeurs AV",Print,smart-integrations::print
SNACKING,snacking,Hôtellerie-Restauration,"Restauration rapide et nomade, cafés, bars, tabacs, débits de boissons, discothèques, traiteurs, organisateurs de réceptions, boulangeries et pâtisseries progressistes,  distribution GSM, salles de cinéma, commerces de détail de carburant, restauration collective, et différents acteurs concernés par le secteur","Print,Web,NL","snacking::print,snacking::web::360x230,snacking::web::360x460,snacking::nl"
SNPDEN,snpden,Education,"Proviseurs, proviseurs adjoints, Principaux, Principaux adjoints","Web,NL","snpden::web::680x160,snpden::nl"
SNPTES,snptes,Education,"Enseignants, chercheurs, ingénieurs recherche, personnels administratifs et techniques",Print,snptes::print
SOCIETE.COM,societe-com,Dirigeants de TPE/PME,"Dirigeants de TPE/PME, cadres dirigeants",Web,societe-com::web::728x90-300x600-300x250mobile
SOUDAGE ET TECHNIQUES CONNEXES,soudage-et-techniques-connexes,Industrie : métal,Industriels utilisateurs du soudage et des procédés d'assemblage,Print,soudage-et-techniques-connexes::print
SPORT STRATEGIES,sport-strategies,"Communication, Publicité","Directeurs marketing, agences et dirigeants de clubs et associations",Web,sport-strategies::web
SPORTECO,sporteco,Collectivités locales,Acteurs de la distribution multisports et magasins spécialisés,Print,sporteco::print
STRATEGIE LOGISTIQUE,strategie-logistique,Industrie : Transport logistique,"P.-D.G., directeur général, directeur logistique, directeur informatique, directeur des opérations, directeur de production, supply chain, manager…","Print,Web,NL","strategie-logistique::print,strategie-logistique::web::728x90,strategie-logistique::web::300x250,strategie-logistique::nl"
STRATEGIES,strategies,"Communication, Publicité","Annonceurs, agences de communication, agences de publicités, agences médias, régies publicitaires, médias","Print,Web,NL","strategies::print,strategies::web::728x90,strategies::web::300x600-300x250mobile,strategies::nl"
SUPPLY CHAIN MAGAZINE,supply-chain-magazine,Industrie : Transport logistique,Décideurs de la Supply Chain,Print,supply-chain-magazine::print
TECHNIC'BAIE,technic-baie,Bâtiment - Artisanat,"Entreprises de fermeture et de protection solaire, prescripteurs, installateurs, donneurs d'ordres: architectes, bureaux d'études, économistes","Print,Web,NL","technic-baie::web::300x250,technic-baie::web::728x90,technic-baie::nl,technic-baie::print"
TECHNIQUES INGENIEUR,techniques-ingenieur,Industrie : technologie,"Ingénieurs, cadres dirigeants, techniciens","Web,NL","techniques-ingenieur::web::728x90footerad-300x250,techniques-ingenieur::nl"
TERRAINS DE SPORTS,terrains-de-sports,Collectivités locales,"Collectivités (services des sports, services techniques)",Print,terrains-de-sports::print
TERRASSEMENTS & CARRIERES,terrassements-carrieres,Travaux publics,Professionnels de l'extraction et entreprises de terrassement,Print,terrassements-carrieres::print
TERRE NET,terre-net,Agriculture,Chefs d'exploitations agricoles,"Print,Web,NL","terre-net::print,terre-net::web::728x90-300x250,terre-net::web::300x600-300x250mobile,terre-net::nl"
TERRE NET + FRANCE AGRICOLE + WEB AGRI + MATÉRIEL AGRICOLE,terre-net-france-agricole-web-agri-mat-riel-agricole,Agriculture,Chefs d'exploitation agricole et agriculteurs,"Web,NL","terre-net-france-agricole-web-agri-materiel-agricole::web::300x600,terre-net-france-agricole-web-agri-materiel-agricole::web::728x90-300x250,terre-net-france-agricole-web-agri-materiel-agricole::nl"
TERRITOIRE  HYDROGENE,territoire-hydrogene,Energies,"12% dirigeants grande entreprise et direction d'investissement,12% organismes consulaires et socio-économiques; 14% membre des cabinets et DGS; 16% ministres et hauts fonctionnaires; 12% élus locaux; 28% élus nationaux; 5% élus européens francophone; 1% divers",Print,territoire-hydrogene::print
THURIES GASTRONOMIE MAGAZINE,thuries-gastronomie-magazine,Hôtellerie-Restauration,"Chefs de cuisine, traiteurs, restaurateurs, hôtels restaurants, pâtissiers,  boulangers, glaciers, chocolatiers, professeurs et élèves des écoles hôtelières",Print,thuries-gastronomie-magazine::print
TOITURE MAGAZINE,toiture-magazine,Bâtiment - Artisanat,"Couvreurs, étancheurs, charpentiers, architectes, prescripteurs, constructeurs, promoteurs et négociants",Print,toiture-magazine::print
TOLERIE MAGAZINE,tolerie-magazine,Industrie : métal,"Chefs d'entreprise, directeurs de production, responsables en bureaux d'études et méthodes, chefs d'ateliers et formateurs utilisant la tôlerie fine de précision et la tôlerie industrielle",Print,tolerie-magazine::print
TOURMAG,tourmag,Tourisme,Professionnels du tourisme et du voyage,Web,tourmag::web::300x150
TRAITEMENTS & MATERIAUX,traitements-materiaux,Industrie : métal,"20% Direction Générale, 20% direction industrielle et technique, 15% direction des achats, 10% responsables méthodes, 10% responsables R&D, 10% techniciens d'ateliers et de labo, 5% bureaux d'études, 5% enseignants, 5% documentation.",Print,traitements-materiaux::print
TRAITS URBAINS,traits-urbains,Collectivités locales,"Elus et techniciens des collectivités, urbanistes",Print,traits-urbains::print
TRANSPORT INFO,transport-info,Industrie : Transport logistique,Entreprises de transport routier de marchandise,"Print,Web,NL","transport-info::print,transport-info::web::970x90-300x250mobile,transport-info::web::970x250-300x250mobile,transport-info::web::300x600-300x250mobile,transport-info::nl"
TRENDS,trends,Hôtellerie-Restauration,"Hôteliers tendances, chaînes de café, restaurants, bars, grossistes, distributeurs, importateurs et entrepositaires",Print,trends::print
TURBULANCES,turbulances,Services,"composé de professionnels du transport sanitaire et de l’urgence (ambulanciers, médecins, SAMU, SMUR, CESU…)",Print,turbulances::print
UNION PRESSE,union-presse,Distribution Spécialisée,Marchands de journaux et professionnels de la presse,Print,union-presse::print
UNIVERS HABITAT,univers-habitat,Ameublement,"Fabricants et distributeurs d'éléctroméanager, bricolage, cusine, ameublement","Web,NL","univers-habitat::web::300x250,univers-habitat::nl"
URBANISME,urbanisme,Collectivités locales,"Décideurs de collectivités locales et acteurs publics, architectes, urbanistes",Print,urbanisme::print
VALEURS VERTES,valeurs-vertes,Environnement,"Dirigeants groupes et PME-PMI, Élus, Financiers, Associations, Ingénieurs, Directeurs marketing, achat, Collectivités territoriales, Hauts fonctionnaires, Etudiants, Particuliers",Print,valeurs-vertes::print
VERRE & MENUISERIE ACTUALITES,verre-menuiserie-actualites,Bâtiment - Artisanat,"Industriels, fabricants, installateurs, storistes, miroitiers, vérandalistes, métalliers, serruriers, maîtres d'ouvrage, prescripteurs, organismes de formation…","Print,Web,NL","verre-menuiserie-actualites::web::1000x90,verre-menuiserie-actualites::web::300x600,verre-menuiserie-actualites::print,verre-menuiserie-actualites::nl"
VERRE & PROTECTIONS MAG,verre-protections-mag,Bâtiment - Artisanat,"Industriels, fabricants, installateurs, storistes, miroitiers, vérandalistes",Print,verre-protections-mag::print
VIANDE MAGAZINE,viande-magazine,Boucherie Charcuterie,"Producteurs, industriels de la transformation, grossistes, distributeurs, détaillants, interprofessions, RHD",Print,viande-magazine::print
VILLAGE-JUSTICE,village-justice,Professionnels du droit,"Avocats, juristes, magistrats, notaires, huissiers, fiscalistes","Web,NL","village-justice::web::1160x200-300x600-320x100mobile,village-justice::nl"
VILLAGE-NOTAIRES,village-notaires,Professionnels du droit,Notaires,"Web,NL","village-notaires::web::728x90-320x100mobile,village-notaires::nl,village-notaires::web::300x600-320x100mobile"
"VILLE,RAIL&TRANSPORTS",ville-rail-transports,Industrie : Transport logistique,Elus et professionnels du transport,Print,ville-rail-transports::print
VIROLOGIE,virologie,Biologistes,"Organe officiel de la Société Française de Virologie. Cible: virologues hospitaliers, infectiologues, hépatologues, biologistes hospitaliers",Print,virologie::print
VITI,viti,Vigne,"Viticulteurs vinifiant et commercialisant leur récolte, distribution (négociants et coopératives), prescripteurs",Print,viti::print
VITISBIO,vitisbio,Vigne,Viticulteurs bio,Print,vitisbio::print
VOCATION ENSEIGNANT,vocation-enseignant,Education,Nouveaux entrants de l'Education nationale,Print,vocation-enseignant::print
VOCATION SERVICE PUBLIC,vocation-service-public,Collectivités locales,"Nouveaux entrants et agents en poste, candidats aux concours et aux recrutements externes et internes",Print,vocation-service-public::print
WEKA,weka,Collectivités locales,"30% Elus et cabinets, 22% DGS et autres directeurs, 13% Services ressources (RH, Innovation, documentation…), 11% Services à la population (communication, tourisme), 9% Services techniques (voiries, DSI), 15% Autres","Print,Web,NL","weka::print,weka::web::728x90-300x600-300x250mobile,weka::nl"
WHAT'S UP DOC,what-s-up-doc,Médecins Généralistes,Jeunes médecins et directeurs d'établissements publics et privés,Print,what-s-up-doc::print
WORKPLACE,workplace,Direction Achat,"DRSG / DET, Achats, immobilier, maintenance, Hygiène et sécurité, DG, DAF, DRH",Print,workplace::print
bike-eko,bike-eko,commerçants,distributeurs de cycle,Print,bike-eco:::print
biologie-365,biologie-365,biologistes,"Laboratoires d'analyse, biologistes et prescripteurs.",Print,biologiste-365:::print
decisions durables,decision-durable,environnement,"45% Managers en entreprises, 35% élus, 15% entrepreneurs, 5% autres",Print,decision-durable::print
l'expert,expert,Professionnels de la finance,Experts-Comptables,Print,expert:::print
franchise-mag,franchise-mag,commerçants,"60% cadres, patrons et professions libérales, 28% commerçants, 5% franchisés, 7% employés, fonctionnaires, investisseurs et autres.",Print,franchise-mag:::print
Le monde-de-l-informatique,monde-de-l-informatique,Direction informatique,DSI et managers IT de sociétés > 100 salariés,Print,monde-de-l-informatique:::web
